-- phpMyAdmin SQL Dump
-- version 4.9.2
-- https://www.phpmyadmin.net/
--
-- Host: 127.0.0.1
-- Generation Time: Jan 09, 2020 at 07:55 PM
-- Server version: 10.4.11-MariaDB
-- PHP Version: 7.3.13

SET SQL_MODE = "NO_AUTO_VALUE_ON_ZERO";
SET AUTOCOMMIT = 0;
START TRANSACTION;
SET time_zone = "+00:00";


/*!40101 SET @OLD_CHARACTER_SET_CLIENT=@@CHARACTER_SET_CLIENT */;
/*!40101 SET @OLD_CHARACTER_SET_RESULTS=@@CHARACTER_SET_RESULTS */;
/*!40101 SET @OLD_COLLATION_CONNECTION=@@COLLATION_CONNECTION */;
/*!40101 SET NAMES utf8mb4 */;

--
-- Database: `hfm`
--

-- --------------------------------------------------------

--
-- Table structure for table `customers`
--

CREATE TABLE `customers` (
  `cus_id` varchar(13) NOT NULL,
  `cus_fname` varchar(100) NOT NULL,
  `cus_lname` varchar(100) NOT NULL,
  `cus_res_name` varchar(200) DEFAULT NULL,
  `cus_rtable` int(3) NOT NULL DEFAULT 1,
  `cus_email` varchar(100) NOT NULL,
  `cus_pass` varchar(60) NOT NULL,
  `cus_tel` varchar(10) NOT NULL,
  `cus_regis_date` datetime NOT NULL DEFAULT current_timestamp(),
  `cus_permission` enum('0','1') NOT NULL DEFAULT '1' COMMENT '0 = Admin, 1 = User',
  `cus_login` enum('0','1') NOT NULL DEFAULT '0' COMMENT '0 = login, 1 = logout',
  `cus_login_time` datetime DEFAULT current_timestamp(),
  `cus_status` enum('0','1') NOT NULL DEFAULT '1' COMMENT '0 = Disable, 1 = Enable'
) ENGINE=InnoDB DEFAULT CHARSET=utf8;

--
-- Dumping data for table `customers`
--

INSERT INTO `customers` (`cus_id`, `cus_fname`, `cus_lname`, `cus_res_name`, `cus_rtable`, `cus_email`, `cus_pass`, `cus_tel`, `cus_regis_date`, `cus_permission`, `cus_login`, `cus_login_time`, `cus_status`) VALUES
('1998020599999', 'Admin', 'Admin', 'WN Development', 10, 'wrynnme@wrynn.me', '$2y$10$V2lBl/qp96f/9DEVYQ7jh.jzEMBLogLkHed6kOzCi14B1Uj1L3S/i', '0830246477', '2019-07-25 22:53:47', '0', '1', '2019-12-23 20:30:10', '1'),
('2019070725786', 'ทดสอบ', '1.5', 'ทดสอบแก้ไขจาก แอดมิน 1.5', 10, '1@1', '$2y$10$2NFHnaJezdKxZlRGPTUSJu343PAnZz1NZy7oa2OgAK0LPJx14/.9K', '1111', '2019-07-07 12:28:14', '1', '0', '2019-12-21 13:30:00', '1'),
('2019110650761', '1', '1', '1', 1, '1@2', '$2y$10$YtHlIC9pf/GxTCdLcCCkMePG3.4WeaBtm7CjFAWTqLWJL7Kktj1k.', '1111111112', '2019-11-06 00:04:52', '1', '0', '2019-12-20 15:44:55', '1'),
('2019122053469', '6', '6', '6', 1, '6@6', '$2y$10$76RAt36e2ytRE4E3VYOwJuuA4OMMR7Hb150auu03JjmusyGJFr5im', '6666666666', '2019-12-20 15:47:25', '1', '0', '2019-12-20 15:48:58', '1'),
('2019122068924', '5', '5', '5', 1, '5@5', '$2y$10$tkOlW5HLY6gPO.MSvvjb.eP3CvKHpD5/fe8ubhd8EuDTfUSUHRC1O', '5555555555', '2019-12-20 15:46:54', '1', '0', '2019-12-20 15:46:54', '1'),
('2019122236527', 'Woravat', 'Yana', 'wrynnme', 10, 'yanaworavat@outlook.com', '$2y$10$FCoKV8ovlwOCB9/cxhHIqeLuk6ZGMOdZtxeRiCAopbcVQBE84I4L2', '0830246478', '2019-12-22 19:42:07', '0', '0', '2019-12-22 21:37:20', '1'),
('2019122463845', '888', '888', '888', 1, '8@8', '$2y$10$YDkE.K/1ie3bZwjv2qT1qe2Zf268afLuPg5w0sYiRjZQNxHZHo6nC', '888888', '2019-12-24 17:58:02', '1', '0', '2019-12-24 17:58:02', '1');

-- --------------------------------------------------------

--
-- Table structure for table `eggs`
--

CREATE TABLE `eggs` (
  `egg_id` int(2) NOT NULL,
  `mf_id` int(13) NOT NULL,
  `ing_id` int(7) NOT NULL,
  `egg_gram` decimal(15,2) NOT NULL,
  `egg_kcal` decimal(15,2) NOT NULL
) ENGINE=InnoDB DEFAULT CHARSET=utf8;

-- --------------------------------------------------------

--
-- Table structure for table `fruits`
--

CREATE TABLE `fruits` (
  `fru_id` int(2) NOT NULL,
  `mf_id` int(13) NOT NULL,
  `ing_id` int(7) NOT NULL,
  `fru_gram` decimal(15,2) NOT NULL,
  `fru_kcal` decimal(15,2) NOT NULL
) ENGINE=InnoDB DEFAULT CHARSET=utf8;

-- --------------------------------------------------------

--
-- Table structure for table `garnishs`
--

CREATE TABLE `garnishs` (
  `gar_id` int(2) NOT NULL,
  `mf_id` int(13) NOT NULL,
  `ing_id` int(7) NOT NULL,
  `gar_gram` decimal(15,2) NOT NULL,
  `gar_kcal` decimal(15,2) NOT NULL
) ENGINE=InnoDB DEFAULT CHARSET=utf8;

-- --------------------------------------------------------

--
-- Table structure for table `ingredients`
--

CREATE TABLE `ingredients` (
  `ing_id` int(7) NOT NULL,
  `ing_name` varchar(200) NOT NULL,
  `ing_unit` decimal(15,2) NOT NULL,
  `ing_kcal` decimal(15,2) NOT NULL,
  `ing_img` varchar(100) NOT NULL DEFAULT '404-img.png',
  `ing_type` int(3) NOT NULL,
  `ing_time` datetime DEFAULT current_timestamp(),
  `cus_id` varchar(13) DEFAULT NULL,
  `ing_status` enum('0','1','2') DEFAULT '1' COMMENT '0 = disable, 1 = wait for confrim, 2 = finish'
) ENGINE=InnoDB DEFAULT CHARSET=utf8;

--
-- Dumping data for table `ingredients`
--

INSERT INTO `ingredients` (`ing_id`, `ing_name`, `ing_unit`, `ing_kcal`, `ing_img`, `ing_type`, `ing_time`, `cus_id`, `ing_status`) VALUES
(1, 'น้ำมัน', '100.00', '884.00', '5dff4591710114.98117358.png', 1, '0000-00-00 00:00:00', NULL, '2'),
(2, 'น้ำมันหมู', '100.00', '228.00', '5dff4de3b27429.81890850.png', 1, '2019-12-22 18:05:07', NULL, '2'),
(3, 'น้ำมันถั่วเหลือง', '100.00', '889.00', '5e0df26b312381.66344094.jpg', 1, '0000-00-00 00:00:00', NULL, '2'),
(4, 'น้ำมันดอกทานตะวัน', '100.00', '884.00', '404-img.png', 1, '2019-12-21 12:36:53', NULL, '2'),
(5, 'น้ำมันมะกอก', '100.00', '884.00', '404-img.png', 1, '2019-12-21 12:36:53', NULL, '2'),
(6, 'น้ำมันรำข้าว', '100.00', '884.00', '404-img.png', 1, '2019-12-21 12:36:53', NULL, '2'),
(7, 'น้ำมันเมล็ดคำฝอย', '100.00', '884.00', '404-img.png', 1, '2019-12-21 12:36:53', NULL, '2'),
(8, 'ไข่ไก่', '100.00', '160.00', '404-img.png', 2, '2019-12-22 18:44:16', NULL, '2'),
(9, 'ไข่เป็ด', '100.00', '186.00', '404-img.png', 2, '2019-12-22 18:44:20', NULL, '2'),
(10, 'ไข่นกกะทา', '100.00', '171.00', '404-img.png', 2, '2019-12-22 18:44:20', NULL, '2'),
(11, 'ไข่ปลากระบอก  เค็ม', '100.00', '480.00', '404-img.png', 2, '2019-12-22 18:44:20', NULL, '2'),
(12, 'ไข่จระเข้  ไข่ขาว', '100.00', '15.00', '404-img.png', 2, '2019-12-22 18:44:20', NULL, '2'),
(13, 'ไข่จระเข้  ไข่แดง', '100.00', '228.00', '404-img.png', 2, '2019-12-22 18:44:20', NULL, '2'),
(14, 'ไข่จระเข้  ไข่ทั้งฟอง', '100.00', '128.00', '404-img.png', 2, '2019-12-22 18:44:21', NULL, '2'),
(15, 'ไข่จาระเม็ด(ไข่เต่าตะนุ)', '100.00', '141.00', '404-img.png', 2, '2019-12-22 18:44:21', NULL, '2'),
(16, 'ไข่แมงมัน', '100.00', '129.00', '404-img.png', 2, '2019-12-22 18:44:22', NULL, '2'),
(17, 'ไข่มดแดงและตัวอ่อน', '100.00', '74.00', '404-img.png', 2, '2019-12-22 18:44:23', NULL, '2'),
(18, 'กระเพาะปลา ทอด', '100.00', '682.00', '404-img.png', 3, '2019-12-21 12:36:53', NULL, '2'),
(19, 'กุ้งกุลาดำ เนื้อ', '100.00', '92.00', '404-img.png', 3, '2019-12-21 12:36:53', NULL, '2'),
(20, 'กุ้งกุลาดำ  หัว', '100.00', '120.00', '404-img.png', 3, '2019-12-21 12:36:53', NULL, '2'),
(21, 'กุ้งเคย', '100.00', '61.00', '404-img.png', 3, '2019-12-21 12:36:53', NULL, '2'),
(22, 'กุ้งจ่อม (กุ้งหมักข้าวคั่ว)', '100.00', '135.00', '404-img.png', 3, '2019-12-21 12:36:53', NULL, '2'),
(23, 'กุ้งฝอย  สด', '100.00', '88.00', '404-img.png', 3, '2019-12-21 12:36:53', NULL, '2'),
(24, 'กุ้งส้ม(กุ้งหมัก)', '100.00', '58.00', '404-img.png', 3, '2019-12-21 12:36:53', NULL, '2'),
(25, 'กุ้งแห้งตัวเล็ก', '100.00', '263.00', '404-img.png', 3, '2019-12-21 12:36:53', NULL, '2'),
(26, 'ไตปลากระบอก', '100.00', '90.00', '404-img.png', 3, '2019-12-21 12:36:53', NULL, '2'),
(27, 'น้ำปู', '100.00', '210.00', '404-img.png', 3, '2019-12-21 12:36:53', NULL, '2'),
(28, 'ปลากดทะเล  แห้ง', '100.00', '219.00', '404-img.png', 3, '2019-12-21 12:36:53', NULL, '2'),
(29, 'ปลากระบอก', '100.00', '98.00', '404-img.png', 3, '2019-12-21 12:36:53', NULL, '2'),
(30, 'ปลากราย', '100.00', '84.00', '404-img.png', 3, '2019-12-21 12:36:53', NULL, '2'),
(31, 'ปลาเจ่า', '100.00', '117.00', '404-img.png', 3, '2019-12-21 12:36:53', NULL, '2'),
(32, 'ปลาช่อน', '100.00', '122.00', '404-img.png', 3, '2019-12-21 12:36:53', NULL, '2'),
(33, 'ปลาช่อนทะเล  แห้ง', '100.00', '185.00', '404-img.png', 3, '2019-12-21 12:36:53', NULL, '2'),
(34, 'ปลาดุก', '100.00', '114.00', '404-img.png', 3, '2019-12-21 12:36:53', NULL, '2'),
(35, 'ปลาแดง  ปลาทะเล  สด', '100.00', '120.00', '404-img.png', 3, '2019-12-21 12:36:53', NULL, '2'),
(36, 'ปลาตะเพียน', '100.00', '111.00', '404-img.png', 3, '2019-12-21 12:36:53', NULL, '2'),
(37, 'ปลาตาเดียว (ปลาซีกเดียว)', '100.00', '89.00', '404-img.png', 3, '2019-12-21 12:36:53', NULL, '2'),
(38, 'ปลาตาโต', '100.00', '117.00', '404-img.png', 3, '2019-12-21 12:36:53', NULL, '2'),
(39, 'ปลานิล', '100.00', '129.00', '404-img.png', 3, '2019-12-21 12:36:53', NULL, '2'),
(40, 'ปลาทู  นึ่ง', '100.00', '136.00', '404-img.png', 3, '2019-12-21 12:36:53', NULL, '2'),
(41, 'ปลาทู  สด', '100.00', '140.00', '404-img.png', 3, '2019-12-21 12:36:53', NULL, '2'),
(42, 'ปลาทูน่า  สด', '100.00', '110.00', '404-img.png', 3, '2019-12-21 12:36:53', NULL, '2'),
(43, 'ปลาทูน่า  ในน้ำมัน', '100.00', '218.00', '404-img.png', 3, '2019-12-21 12:36:53', NULL, '2'),
(44, 'ปลาทูน่า  ในน้ำสลัด', '100.00', '86.00', '404-img.png', 3, '2019-12-21 12:36:53', NULL, '2'),
(45, 'ปลาน้ำดอกไม้  สด', '100.00', '111.00', '404-img.png', 3, '2019-12-21 12:36:53', NULL, '2'),
(46, 'ปลาเนื้ออ่อน', '100.00', '79.00', '404-img.png', 3, '2019-12-21 12:36:53', NULL, '2'),
(47, 'ปลาบึก  สด', '100.00', '71.00', '404-img.png', 3, '2019-12-21 12:36:53', NULL, '2'),
(48, 'ปลาแป้งแดง(ปลาหมัก)', '100.00', '114.00', '404-img.png', 3, '2019-12-21 12:36:53', NULL, '2'),
(49, 'ปลาแป้น', '100.00', '120.00', '404-img.png', 3, '2019-12-21 12:36:53', NULL, '2'),
(50, 'ปลาร้า', '100.00', '149.00', '404-img.png', 3, '2019-12-21 12:36:53', NULL, '2'),
(51, 'ปลาร้าผง', '100.00', '274.00', '404-img.png', 3, '2019-12-21 12:36:53', NULL, '2'),
(52, 'ปลาร้าอึ่งอ่าง  จ.ตาก', '100.00', '113.00', '404-img.png', 3, '2019-12-21 12:36:53', NULL, '2'),
(53, 'ปลาลิ้นหมา  แห้ง', '100.00', '280.00', '404-img.png', 3, '2019-12-21 12:36:53', NULL, '2'),
(54, 'ปลาส้ม  ตัวเล็ก (ปลาหมัก)', '100.00', '127.00', '404-img.png', 3, '2019-12-21 12:36:53', NULL, '2'),
(55, 'ปลาส้มตัวใหญ่ (ปลาหมัก)', '100.00', '107.00', '404-img.png', 3, '2019-12-21 12:36:53', NULL, '2'),
(56, 'ปลาสลิด  สด', '100.00', '76.00', '404-img.png', 3, '2019-12-21 12:36:53', NULL, '2'),
(57, 'ปลาสลาด  ย่าง', '100.00', '395.00', '404-img.png', 3, '2019-12-21 12:36:53', NULL, '2'),
(58, 'ปลาสวาย  สด', '100.00', '256.00', '404-img.png', 3, '2019-12-21 12:36:53', NULL, '2'),
(59, 'ปลาสีเสียด  แห้ง', '100.00', '176.00', '404-img.png', 3, '2019-12-21 12:36:53', NULL, '2'),
(60, 'ปลากระพงขาว', '100.00', '81.00', '404-img.png', 3, '2019-12-21 12:36:53', NULL, '2'),
(61, 'ปลาสำลี  สด', '100.00', '164.00', '404-img.png', 3, '2019-12-21 12:36:53', NULL, '2'),
(62, 'ปลาไส้ตัน', '100.00', '75.00', '404-img.png', 3, '2019-12-21 12:36:53', NULL, '2'),
(63, 'ปลาแมวหนวดพราหมณ์  แห้ง', '100.00', '153.00', '404-img.png', 3, '2019-12-21 12:36:53', NULL, '2'),
(64, 'ปลาหมอ', '100.00', '133.00', '404-img.png', 3, '2019-12-21 12:36:53', NULL, '2'),
(65, 'ปลาเก๋า', '100.00', '82.00', '404-img.png', 3, '2019-12-21 12:36:53', NULL, '2'),
(66, 'ปลาจาระเม็ดขาว', '100.00', '119.00', '404-img.png', 3, '2019-12-21 12:36:53', NULL, '2'),
(67, 'ปลาหมึกกล้วย', '100.00', '68.00', '404-img.png', 3, '2019-12-21 12:36:53', NULL, '2'),
(68, 'ปลาหัวแข็ง  แห้ง', '100.00', '208.00', '404-img.png', 3, '2019-12-21 12:36:53', NULL, '2'),
(69, 'ปลาหางแข็ง  แห้ง', '100.00', '168.00', '404-img.png', 3, '2019-12-21 12:36:53', NULL, '2'),
(70, 'ปลาไหล', '100.00', '87.00', '404-img.png', 3, '2019-12-21 12:36:53', NULL, '2'),
(71, 'ปลาซาร์ดีน', '100.00', '480.00', '404-img.png', 3, '2019-12-21 12:36:53', NULL, '2'),
(72, 'ปูทะเล', '100.00', '117.00', '404-img.png', 3, '2019-12-21 12:36:53', NULL, '2'),
(73, 'ปูม้า', '100.00', '79.00', '404-img.png', 3, '2019-12-21 12:36:53', NULL, '2'),
(74, 'ลูกชิ้นปลา', '100.00', '38.00', '404-img.png', 3, '2019-12-21 12:36:53', NULL, '2'),
(75, 'ลูกชิ้นปลา  ทอด', '100.00', '277.00', '404-img.png', 3, '2019-12-21 12:36:53', NULL, '2'),
(76, 'ลูกชิ้นกุ้ง  ทอด', '100.00', '213.00', '404-img.png', 3, '2019-12-21 12:36:53', NULL, '2'),
(77, 'สมันปลา', '100.00', '386.00', '404-img.png', 3, '2019-12-21 12:36:53', NULL, '2'),
(78, 'หอยกะพง', '100.00', '42.00', '404-img.png', 3, '2019-12-21 12:36:53', NULL, '2'),
(79, 'หอยขม', '100.00', '74.00', '404-img.png', 3, '2019-12-21 12:36:53', NULL, '2'),
(80, 'หอยโข่ง', '100.00', '85.00', '404-img.png', 3, '2019-12-21 12:36:53', NULL, '2'),
(81, 'หอยแครง', '100.00', '81.00', '404-img.png', 3, '2019-12-21 12:36:53', NULL, '2'),
(82, 'หอยนางรม', '100.00', '71.00', '404-img.png', 3, '2019-12-21 12:36:53', NULL, '2'),
(83, 'หอยจูน', '100.00', '86.00', '404-img.png', 3, '2019-12-21 12:36:53', NULL, '2'),
(84, 'หอยแมลงภู่', '100.00', '53.00', '404-img.png', 3, '2019-12-21 12:36:53', NULL, '2'),
(85, 'หูฉลาม  แห้ง', '100.00', '358.00', '404-img.png', 3, '2019-12-21 12:36:53', NULL, '2'),
(86, 'ไก่  เนื้อ  สด', '100.00', '219.00', '404-img.png', 4, '2019-12-21 12:36:53', NULL, '2'),
(87, 'ไก่ เนื้ออก  สด', '100.00', '172.00', '404-img.png', 4, '2019-12-21 12:36:53', NULL, '2'),
(88, 'ไก่ น่องไก่  สด', '100.00', '214.00', '404-img.png', 4, '2019-12-21 12:36:53', NULL, '2'),
(89, 'หนังไก่ต้ม-ย่าง', '100.00', '453.00', '404-img.png', 4, '2019-12-21 12:36:53', NULL, '2'),
(90, 'ไก่ดำ กึ๋น', '100.00', '97.00', '404-img.png', 4, '2019-12-21 12:36:53', NULL, '2'),
(91, 'ไก่ดำ น่อง เนื้อและหนัง', '100.00', '122.00', '404-img.png', 4, '2019-12-21 12:36:53', NULL, '2'),
(92, 'ไก่ดำ ปีก  เนื้อและหนัง', '100.00', '147.00', '404-img.png', 4, '2019-12-21 12:36:53', NULL, '2'),
(93, 'ไก่ดำ  สะโพก  เนื้อและหนัง', '100.00', '127.00', '404-img.png', 4, '2019-12-21 12:36:53', NULL, '2'),
(94, 'ไก่ดำ  หน้าอก  เนื้อและหนัง', '100.00', '115.00', '404-img.png', 4, '2019-12-21 12:36:53', NULL, '2'),
(95, 'ไก่บ้าน กึ๋น', '100.00', '111.00', '404-img.png', 4, '2019-12-21 12:36:53', NULL, '2'),
(96, 'ไก่บ้าน น่อง เนื้อและหนัง', '100.00', '119.00', '404-img.png', 4, '2019-12-21 12:36:53', NULL, '2'),
(97, 'ไก่บ้าน ปีก เนื้อและหนัง', '100.00', '137.00', '404-img.png', 4, '2019-12-21 12:36:53', NULL, '2'),
(98, 'ไก่บ้าน สะโพก', '100.00', '124.00', '404-img.png', 4, '2019-12-21 12:36:53', NULL, '2'),
(99, 'ไก่บ้าน หน้าอก เนื้อและหนัง', '100.00', '127.00', '404-img.png', 4, '2019-12-21 12:36:53', NULL, '2'),
(100, 'ไก่ป่า น่อง เนื้อ', '100.00', '139.00', '404-img.png', 4, '2019-12-21 12:36:53', NULL, '2'),
(101, 'ไก่ป่า ปีก เนื้อและหนัง', '100.00', '188.00', '404-img.png', 4, '2019-12-21 12:36:53', NULL, '2'),
(102, 'ไก่ป่า สะโพก  เนื้อและหนัง', '100.00', '218.00', '404-img.png', 4, '2019-12-21 12:36:53', NULL, '2'),
(103, 'ไก่ป่า หน้าอก เนื้อและหนัง', '100.00', '178.00', '404-img.png', 4, '2019-12-21 12:36:53', NULL, '2'),
(104, 'เขียด', '100.00', '43.00', '404-img.png', 4, '2019-12-21 12:36:53', NULL, '2'),
(105, 'แคบหมู (ไม่มีมัน)', '100.00', '515.00', '404-img.png', 4, '2019-12-21 12:36:53', NULL, '2'),
(106, 'เป็ด  เนื้อ', '100.00', '199.00', '404-img.png', 4, '2019-12-21 12:36:53', NULL, '2'),
(107, 'แย้  แห้ง', '100.00', '254.00', '404-img.png', 4, '2019-12-21 12:36:53', NULL, '2'),
(108, 'วัว  เนื้อ  สด', '100.00', '134.00', '404-img.png', 4, '2019-12-21 12:36:53', NULL, '2'),
(109, 'วัว  เนื้อเค็ม (ชิ้นเกลือ)', '100.00', '139.00', '404-img.png', 4, '2019-12-21 12:36:53', NULL, '2'),
(110, 'วัว  เนื้อติดมัน  ทอด', '100.00', '412.00', '404-img.png', 4, '2019-12-21 12:36:53', NULL, '2'),
(111, 'วัว  ลูกชิ้น  ทอด', '100.00', '225.00', '404-img.png', 4, '2019-12-21 12:36:53', NULL, '2'),
(112, 'วัว  เหงือกวัว  ทอด', '100.00', '417.00', '404-img.png', 4, '2019-12-21 12:36:53', NULL, '2'),
(113, 'แหนม', '100.00', '185.00', '404-img.png', 4, '2019-12-21 12:36:53', NULL, '2'),
(114, 'หมูหยอง', '100.00', '357.00', '404-img.png', 4, '2019-12-21 12:36:53', NULL, '2'),
(115, 'หมูสามชั้น  สด', '100.00', '384.00', '404-img.png', 4, '2019-12-21 12:36:53', NULL, '2'),
(116, 'หมูสันนอก  สด', '100.00', '198.00', '404-img.png', 4, '2019-12-21 12:36:53', NULL, '2'),
(117, 'หมูสันใน  สด', '100.00', '143.00', '404-img.png', 4, '2019-12-21 12:36:53', NULL, '2'),
(118, 'หมูสันคอ  สด', '100.00', '220.00', '404-img.png', 4, '2019-12-21 12:36:53', NULL, '2'),
(119, 'หมู  กระเพาะ  สด', '100.00', '155.00', '404-img.png', 4, '2019-12-21 12:36:53', NULL, '2'),
(120, 'หมู  ตับ  สด', '100.00', '117.00', '404-img.png', 4, '2019-12-21 12:36:53', NULL, '2'),
(121, 'หมู  เนื้อ  สด', '100.00', '108.00', '404-img.png', 4, '2019-12-21 12:36:53', NULL, '2'),
(122, 'หมู  ปอด  สด', '100.00', '107.00', '404-img.png', 4, '2019-12-21 12:36:53', NULL, '2'),
(123, 'หมู  มัน  สด', '100.00', '714.00', '404-img.png', 4, '2019-12-21 12:36:53', NULL, '2'),
(124, 'หมู  เลือด', '100.00', '36.00', '404-img.png', 4, '2019-12-21 12:36:53', NULL, '2'),
(125, 'หมู  ลูกชิ้น  ทอด', '100.00', '372.00', '404-img.png', 4, '2019-12-21 12:36:53', NULL, '2'),
(126, 'หมู  หนัง', '100.00', '306.00', '404-img.png', 4, '2019-12-21 12:36:53', NULL, '2'),
(127, 'หมูยอ', '100.00', '341.00', '404-img.png', 4, '2019-12-21 12:36:53', NULL, '2'),
(128, 'ไส้กรอกเวียนนา  ไก่', '100.00', '335.00', '404-img.png', 4, '2019-12-21 12:36:53', NULL, '2'),
(129, 'ไส้กรอกเวียนนา  หมู', '100.00', '263.00', '404-img.png', 4, '2019-12-21 12:36:53', NULL, '2'),
(130, 'ไส้กรอกหมู  ทอด', '100.00', '409.00', '404-img.png', 4, '2019-12-21 12:36:53', NULL, '2'),
(131, 'ไส้อั่ว', '100.00', '420.00', '404-img.png', 4, '2019-12-21 12:36:53', NULL, '2'),
(132, 'กระเจี๊ยบเปรี้ยว ใบ', '100.00', '48.00', '404-img.png', 5, '2019-12-21 12:36:53', NULL, '2'),
(133, 'กระเจี๊ยบมอญ ฝักอ่อน', '100.00', '26.00', '404-img.png', 5, '2019-12-21 12:36:53', NULL, '2'),
(134, 'กระชาย', '100.00', '54.00', '404-img.png', 5, '2019-12-21 12:36:53', NULL, '2'),
(135, 'กระโดน(โดน) ยอด', '100.00', '96.00', '404-img.png', 5, '2019-12-21 12:36:53', NULL, '2'),
(136, 'กระถิน ยอดอ่อน', '100.00', '77.00', '404-img.png', 5, '2019-12-21 12:36:53', NULL, '2'),
(137, 'กระทือขาว', '100.00', '17.00', '404-img.png', 5, '2019-12-21 12:36:53', NULL, '2'),
(138, 'กระทือแดง', '100.00', '18.00', '404-img.png', 5, '2019-12-21 12:36:53', NULL, '2'),
(139, 'กรุงเขมา  ใบ', '100.00', '95.00', '404-img.png', 5, '2019-12-21 12:36:53', NULL, '2'),
(140, 'กรุงเขมา  น้ำคั้นจากใบ', '100.00', '3.00', '404-img.png', 5, '2019-12-21 12:36:53', NULL, '2'),
(141, 'กะทกรก  ยอด', '100.00', '66.00', '404-img.png', 5, '2019-12-21 12:36:53', NULL, '2'),
(142, 'กะเพราแดง ใบ', '100.00', '46.00', '404-img.png', 5, '2019-12-21 12:36:53', NULL, '2'),
(143, 'กะหล่ำ ดอก', '100.00', '13.00', '404-img.png', 5, '2019-12-21 12:36:53', NULL, '2'),
(144, 'กะหล่ำปลี', '100.00', '16.00', '404-img.png', 5, '2019-12-21 12:36:53', NULL, '2'),
(145, 'กุยฉ่าย ดอก', '100.00', '32.00', '404-img.png', 5, '2019-12-21 12:36:53', NULL, '2'),
(146, 'ขจร ดอก', '100.00', '78.00', '404-img.png', 5, '2019-12-21 12:36:53', NULL, '2'),
(147, 'ขนุน อ่อน', '100.00', '49.00', '404-img.png', 5, '2019-12-21 12:36:53', NULL, '2'),
(148, 'ขมิ้นขาว', '100.00', '26.00', '404-img.png', 5, '2019-12-21 12:36:53', NULL, '2'),
(149, 'ข้าวโพด อ่อน', '100.00', '33.00', '404-img.png', 5, '2019-12-21 12:36:53', NULL, '2'),
(150, 'ข้าวสาร ดอก', '100.00', '39.00', '404-img.png', 5, '2019-12-21 12:36:53', NULL, '2'),
(151, 'ข่าอ่อน หน่อ', '100.00', '21.00', '404-img.png', 5, '2019-12-21 12:36:53', NULL, '2'),
(152, 'ข่าอ่อน หัว', '100.00', '24.00', '404-img.png', 5, '2019-12-21 12:36:53', NULL, '2'),
(153, 'ขิงแก่', '100.00', '28.00', '404-img.png', 5, '2019-12-21 12:36:53', NULL, '2'),
(154, 'ขิง อ่อน', '100.00', '14.00', '404-img.png', 5, '2019-12-21 12:36:53', NULL, '2'),
(155, 'ขี้เหล็ก  ยอดและใบอ่อน', '100.00', '87.00', '404-img.png', 5, '2019-12-21 12:36:53', NULL, '2'),
(156, 'ขี้เหล็ก  ดอก', '100.00', '98.00', '404-img.png', 5, '2019-12-21 12:36:53', NULL, '2'),
(157, 'คื่นช่าย', '100.00', '23.00', '404-img.png', 5, '2019-12-21 12:36:53', NULL, '2'),
(158, 'คูน', '100.00', '12.00', '404-img.png', 5, '2019-12-21 12:36:53', NULL, '2'),
(159, 'แค  ดอก', '100.00', '38.00', '404-img.png', 5, '2019-12-21 12:36:53', NULL, '2'),
(160, 'แค  ยอด', '100.00', '108.00', '404-img.png', 5, '2019-12-21 12:36:53', NULL, '2'),
(161, 'แครอท', '100.00', '42.00', '404-img.png', 5, '2019-12-21 12:36:53', NULL, '2'),
(162, 'จำปานา', '100.00', '37.00', '404-img.png', 5, '2019-12-21 12:36:53', NULL, '2'),
(163, 'จิก  ยอด', '100.00', '56.00', '404-img.png', 5, '2019-12-21 12:36:53', NULL, '2'),
(164, 'ชะพลู ใบ', '100.00', '119.00', '404-img.png', 5, '2019-12-21 12:36:53', NULL, '2'),
(165, 'ชะมวง ใบ', '100.00', '64.00', '404-img.png', 5, '2019-12-21 12:36:53', NULL, '2'),
(166, 'ชะอม  ยอด', '100.00', '80.00', '404-img.png', 5, '2019-12-21 12:36:53', NULL, '2'),
(167, 'ดอกงิ้วแดง  แห้ง', '100.00', '317.00', '404-img.png', 5, '2019-12-21 12:36:53', NULL, '2'),
(168, 'ดอกต้างป่า จ.แพร่', '100.00', '60.00', '404-img.png', 5, '2019-12-21 12:36:53', NULL, '2'),
(169, 'ดอกผักกวางตุ้ง', '100.00', '34.00', '404-img.png', 5, '2019-12-21 12:36:53', NULL, '2'),
(170, 'ดอกผักอ้วน จ.เชียงใหม่', '100.00', '50.00', '404-img.png', 5, '2019-12-21 12:36:53', NULL, '2'),
(171, 'ดอกโสน', '100.00', '54.00', '404-img.png', 5, '2019-12-21 12:36:53', NULL, '2'),
(172, 'โด่เด่', '100.00', '70.00', '404-img.png', 5, '2019-12-21 12:36:53', NULL, '2'),
(173, 'ต้นกระเทียม', '100.00', '40.00', '404-img.png', 5, '2019-12-21 12:36:53', NULL, '2'),
(174, 'ต้นหอม', '100.00', '34.00', '404-img.png', 5, '2019-12-21 12:36:53', NULL, '2'),
(175, 'ต้นหอม ดอก', '100.00', '20.00', '404-img.png', 5, '2019-12-21 12:36:53', NULL, '2'),
(176, 'ตะเกียงกะหล่ำ', '100.00', '36.00', '404-img.png', 5, '2019-12-21 12:36:53', NULL, '2'),
(177, 'ตะละปัดฤาษี  ตะละปัดใบพาย', '100.00', '17.00', '404-img.png', 5, '2019-12-21 12:36:53', NULL, '2'),
(178, 'ตะลิงปลิง ผล', '100.00', '11.00', '404-img.png', 5, '2019-12-21 12:36:53', NULL, '2'),
(179, 'ตั้งโอ๋ ใบ', '100.00', '20.00', '404-img.png', 5, '2019-12-21 12:36:53', NULL, '2'),
(180, 'ตำลึง ใบ ยอดอ่อน', '100.00', '39.00', '404-img.png', 5, '2019-12-21 12:36:53', NULL, '2'),
(181, 'เตียง ผล', '100.00', '64.00', '404-img.png', 5, '2019-12-21 12:36:53', NULL, '2'),
(182, 'แตงกวา', '100.00', '15.00', '404-img.png', 5, '2019-12-21 12:36:53', NULL, '2'),
(183, 'แตงไทยอ่อน', '100.00', '13.00', '404-img.png', 5, '2019-12-21 12:36:53', NULL, '2'),
(184, 'แตงโมอ่อน', '100.00', '12.00', '404-img.png', 5, '2019-12-21 12:36:53', NULL, '2'),
(185, 'แตงร้าน', '100.00', '8.00', '404-img.png', 5, '2019-12-21 12:36:53', NULL, '2'),
(186, 'ถั่วแขก', '100.00', '31.00', '404-img.png', 5, '2019-12-21 12:36:53', NULL, '2'),
(187, 'ถั่วงอก', '100.00', '39.00', '404-img.png', 5, '2019-12-21 12:36:53', NULL, '2'),
(188, 'ถั่วงอกหัวโต', '100.00', '79.00', '404-img.png', 5, '2019-12-21 12:36:53', NULL, '2'),
(189, 'ถั่วปี  ผักสด', '100.00', '39.00', '404-img.png', 5, '2019-12-21 12:36:53', NULL, '2'),
(190, 'ถั่วฝักยาว', '100.00', '39.00', '404-img.png', 5, '2019-12-21 12:36:53', NULL, '2'),
(191, 'ถั่วฝักยาว  แดง', '100.00', '35.00', '404-img.png', 5, '2019-12-21 12:36:53', NULL, '2'),
(192, 'ถั่วพู  ฝักอ่อน', '100.00', '23.00', '404-img.png', 5, '2019-12-21 12:36:53', NULL, '2'),
(193, 'ถั่วไร่', '100.00', '36.00', '404-img.png', 5, '2019-12-21 12:36:53', NULL, '2'),
(194, 'ถั่วลันเตา', '100.00', '58.00', '404-img.png', 5, '2019-12-21 12:36:53', NULL, '2'),
(195, 'เถาคัน ผล', '100.00', '27.00', '404-img.png', 5, '2019-12-21 12:36:53', NULL, '2'),
(196, 'ทองหลาง  ใบ', '100.00', '72.00', '404-img.png', 5, '2019-12-21 12:36:53', NULL, '2'),
(197, 'น้ำเต้า  เนื้อ', '100.00', '10.00', '404-img.png', 5, '2019-12-21 12:36:53', NULL, '2'),
(198, 'น้ำเต้า  ผล', '100.00', '17.00', '404-img.png', 5, '2019-12-21 12:36:53', NULL, '2'),
(199, 'น้ำเต้า  ไส้', '100.00', '10.00', '404-img.png', 5, '2019-12-21 12:36:53', NULL, '2'),
(200, 'เนียงนก  ผล', '100.00', '153.00', '404-img.png', 5, '2019-12-21 12:36:53', NULL, '2'),
(201, 'เนียงรอก', '100.00', '88.00', '404-img.png', 5, '2019-12-21 12:36:53', NULL, '2'),
(202, 'เนียงหรือชเนียง  ผล', '100.00', '162.00', '404-img.png', 5, '2019-12-21 12:36:53', NULL, '2'),
(203, 'บร็อคโคลี่', '100.00', '33.00', '404-img.png', 5, '2019-12-21 12:36:53', NULL, '2'),
(204, 'บวบงู', '100.00', '16.00', '404-img.png', 5, '2019-12-21 12:36:53', NULL, '2'),
(205, 'บวบหอม', '100.00', '16.00', '404-img.png', 5, '2019-12-21 12:36:53', NULL, '2'),
(206, 'บวบเหลี่ยม', '100.00', '18.00', '404-img.png', 5, '2019-12-21 12:36:53', NULL, '2'),
(207, 'บอนส้ม', '100.00', '18.00', '404-img.png', 5, '2019-12-21 12:36:53', NULL, '2'),
(208, 'บัวบก ใบ', '100.00', '54.00', '404-img.png', 5, '2019-12-21 12:36:53', NULL, '2'),
(209, 'บุกเกียง  ยอดอ่อน', '100.00', '21.00', '404-img.png', 5, '2019-12-21 12:36:53', NULL, '2'),
(210, 'บุกงูเหลือม  ยอดอ่อน', '100.00', '17.00', '404-img.png', 5, '2019-12-21 12:36:53', NULL, '2'),
(211, 'ใบเตย', '100.00', '55.00', '404-img.png', 5, '2019-12-21 12:36:53', NULL, '2'),
(212, 'ใบเตย  น้ำคั้น', '100.00', '4.00', '404-img.png', 5, '2019-12-21 12:36:53', NULL, '2'),
(213, 'ใบปอ  ภาคใต้', '100.00', '77.00', '404-img.png', 5, '2019-12-21 12:36:53', NULL, '2'),
(214, 'ใบเปราะ', '100.00', '18.00', '404-img.png', 5, '2019-12-21 12:36:53', NULL, '2'),
(215, 'ใบยี่หร่า', '100.00', '56.00', '404-img.png', 5, '2019-12-21 12:36:53', NULL, '2'),
(216, 'ใบสะท้อน น้ำคั้น', '100.00', '133.00', '404-img.png', 5, '2019-12-21 12:36:53', NULL, '2'),
(217, 'ปรงทะเล', '100.00', '64.00', '404-img.png', 5, '2019-12-21 12:36:53', NULL, '2'),
(218, 'ประดอง ผล', '100.00', '350.00', '404-img.png', 5, '2019-12-21 12:36:53', NULL, '2'),
(219, 'ผักกวางตุ้ง', '100.00', '14.00', '404-img.png', 5, '2019-12-21 12:36:53', NULL, '2'),
(220, 'ผักกวางตุ้ง ไต้หวัน', '100.00', '15.00', '404-img.png', 5, '2019-12-21 12:36:53', NULL, '2'),
(221, 'ผักกะเฉด', '100.00', '40.00', '404-img.png', 5, '2019-12-21 12:36:53', NULL, '2'),
(222, 'ผักกะโดน', '100.00', '90.00', '404-img.png', 5, '2019-12-21 12:36:53', NULL, '2'),
(223, 'ผักกะสัง', '100.00', '13.00', '404-img.png', 5, '2019-12-21 12:36:53', NULL, '2'),
(224, 'ผักกะออม', '100.00', '24.00', '404-img.png', 5, '2019-12-21 12:36:53', NULL, '2'),
(225, 'ผักกาดขาว', '100.00', '11.00', '404-img.png', 5, '2019-12-21 12:36:53', NULL, '2'),
(226, 'ผักกาดเขียว จ.กรุงเทพฯ', '100.00', '17.00', '404-img.png', 5, '2019-12-21 12:36:53', NULL, '2'),
(227, 'ผักกาดเขียว จ.เชียงใหม่', '100.00', '26.00', '404-img.png', 5, '2019-12-21 12:36:53', NULL, '2'),
(228, 'ผักกาดนกเขา จ.สงขลา', '100.00', '24.00', '404-img.png', 5, '2019-12-21 12:36:53', NULL, '2'),
(229, 'ผักกาดหอม', '100.00', '27.00', '404-img.png', 5, '2019-12-21 12:36:53', NULL, '2'),
(230, 'ผักกีบม้า', '100.00', '18.00', '404-img.png', 5, '2019-12-21 12:36:53', NULL, '2'),
(231, 'ผักกุ่มดอง', '100.00', '108.00', '404-img.png', 5, '2019-12-21 12:36:53', NULL, '2'),
(232, 'ผักกูด', '100.00', '25.00', '404-img.png', 5, '2019-12-21 12:36:53', NULL, '2'),
(233, 'ผักขาเขียด', '100.00', '16.00', '404-img.png', 5, '2019-12-21 12:36:53', NULL, '2'),
(234, 'ผักขี้ขวง', '100.00', '34.00', '404-img.png', 5, '2019-12-21 12:36:53', NULL, '2'),
(235, 'ผักขี้ใต้', '100.00', '17.00', '404-img.png', 5, '2019-12-21 12:36:53', NULL, '2'),
(236, 'ผักขี้หูด จ.เชียงใหม่', '100.00', '15.00', '404-img.png', 5, '2019-12-21 12:36:53', NULL, '2'),
(237, 'ผักแขยง กรุงเทพฯ', '100.00', '31.00', '404-img.png', 5, '2019-12-21 12:36:53', NULL, '2'),
(238, 'ผักแขยง อุบลฯ', '100.00', '38.00', '404-img.png', 5, '2019-12-21 12:36:53', NULL, '2'),
(239, 'ผักคะน้า', '100.00', '31.00', '404-img.png', 5, '2019-12-21 12:36:53', NULL, '2'),
(240, 'ผักจวง', '100.00', '164.00', '404-img.png', 5, '2019-12-21 12:36:53', NULL, '2'),
(241, 'ผักจากง', '100.00', '79.00', '404-img.png', 5, '2019-12-21 12:36:53', NULL, '2'),
(242, 'ผักจิกนอนวัน', '100.00', '274.00', '404-img.png', 5, '2019-12-21 12:36:53', NULL, '2'),
(243, 'ผักจุมปา(กุมปลา)', '100.00', '44.00', '404-img.png', 5, '2019-12-21 12:36:53', NULL, '2'),
(244, 'ผักเจียงคา', '100.00', '70.00', '404-img.png', 5, '2019-12-21 12:36:53', NULL, '2'),
(245, 'ผักชีฝรั่ง', '100.00', '38.00', '404-img.png', 5, '2019-12-21 12:36:53', NULL, '2'),
(246, 'ผักชีล้อม', '100.00', '27.00', '404-img.png', 5, '2019-12-21 12:36:53', NULL, '2'),
(247, 'ผักชีลาว', '100.00', '39.00', '404-img.png', 5, '2019-12-21 12:36:53', NULL, '2'),
(248, 'ผักเดือยดิน', '100.00', '134.00', '404-img.png', 5, '2019-12-21 12:36:53', NULL, '2'),
(249, 'ผักติ้ว', '100.00', '63.00', '404-img.png', 5, '2019-12-21 12:36:53', NULL, '2'),
(250, 'ผักเตา', '100.00', '26.00', '404-img.png', 5, '2019-12-21 12:36:53', NULL, '2'),
(251, 'ผักบ่อ', '100.00', '15.00', '404-img.png', 5, '2019-12-21 12:36:53', NULL, '2'),
(252, 'ผักบุ้งขาว', '100.00', '27.00', '404-img.png', 5, '2019-12-21 12:36:53', NULL, '2'),
(253, 'ผักบุ้งแดง', '100.00', '19.00', '404-img.png', 5, '2019-12-21 12:36:53', NULL, '2'),
(254, 'ผักปลัง(ผักปั๋ง)', '100.00', '24.00', '404-img.png', 5, '2019-12-21 12:36:53', NULL, '2'),
(255, 'ผักป๋วยเล้ง', '100.00', '25.00', '404-img.png', 5, '2019-12-21 12:36:53', NULL, '2'),
(256, 'ผักผำ', '100.00', '9.00', '404-img.png', 5, '2019-12-21 12:36:53', NULL, '2'),
(257, 'ผักไผ่', '100.00', '62.00', '404-img.png', 5, '2019-12-21 12:36:53', NULL, '2'),
(258, 'ผักผ่อง', '100.00', '30.00', '404-img.png', 5, '2019-12-21 12:36:53', NULL, '2'),
(259, 'ผักแพงพวย', '100.00', '46.00', '404-img.png', 5, '2019-12-21 12:36:53', NULL, '2'),
(260, 'ผักแพว  อุบลฯ', '100.00', '42.00', '404-img.png', 5, '2019-12-21 12:36:53', NULL, '2'),
(261, 'ผักมันปู', '100.00', '112.00', '404-img.png', 5, '2019-12-21 12:36:53', NULL, '2'),
(262, 'ผักเม็ก', '100.00', '84.00', '404-img.png', 5, '2019-12-21 12:36:53', NULL, '2'),
(263, 'ผักเม่า', '100.00', '58.00', '404-img.png', 5, '2019-12-21 12:36:53', NULL, '2'),
(264, 'ผักแมะ', '100.00', '56.00', '404-img.png', 5, '2019-12-21 12:36:53', NULL, '2'),
(265, 'ผักลำปะสี', '100.00', '31.00', '404-img.png', 5, '2019-12-21 12:36:53', NULL, '2'),
(266, 'ผักลิ้น  สงขลา', '100.00', '12.00', '404-img.png', 5, '2019-12-21 12:36:53', NULL, '2'),
(267, 'ผักแว่น', '100.00', '27.00', '404-img.png', 5, '2019-12-21 12:36:53', NULL, '2'),
(268, 'ผักแส้ว ยอด  เชียงใหม่', '100.00', '52.00', '404-img.png', 5, '2019-12-21 12:36:53', NULL, '2'),
(269, 'ผักเสม็ด', '100.00', '75.00', '404-img.png', 5, '2019-12-21 12:36:53', NULL, '2'),
(270, 'ผักเสี้ยว (ชงโค)  เชียงใหม่', '100.00', '61.00', '404-img.png', 5, '2019-12-21 12:36:53', NULL, '2'),
(271, 'ผักหนาม', '100.00', '21.00', '404-img.png', 5, '2019-12-21 12:36:53', NULL, '2'),
(272, 'ผักห่มน้อย  อุบล', '100.00', '33.00', '404-img.png', 5, '2019-12-21 12:36:53', NULL, '2'),
(273, 'ผักหมากหมก', '100.00', '73.00', '404-img.png', 5, '2019-12-21 12:36:53', NULL, '2'),
(274, 'ผักหมุย', '100.00', '104.00', '404-img.png', 5, '2019-12-21 12:36:53', NULL, '2'),
(275, 'ผักหวาน', '100.00', '47.00', '404-img.png', 5, '2019-12-21 12:36:53', NULL, '2'),
(276, 'ผักหวานบ้าน', '100.00', '39.00', '404-img.png', 5, '2019-12-21 12:36:53', NULL, '2'),
(277, 'ผักออบแอบ', '100.00', '49.00', '404-img.png', 5, '2019-12-21 12:36:53', NULL, '2'),
(278, 'ผักอีหล่ำ', '100.00', '86.00', '404-img.png', 5, '2019-12-21 12:36:53', NULL, '2'),
(279, 'ผักฮ้วน ยอด  เชียงใหม่', '100.00', '68.00', '404-img.png', 5, '2019-12-21 12:36:53', NULL, '2'),
(280, 'ผักฮี้ ยอด  เชียงใหม่', '100.00', '55.00', '404-img.png', 5, '2019-12-21 12:36:53', NULL, '2'),
(281, 'ผักเฮือด ยอด  เชียงใหม่', '100.00', '45.00', '404-img.png', 5, '2019-12-21 12:36:53', NULL, '2'),
(282, 'พริกขี้หนู อุบล', '100.00', '44.00', '404-img.png', 5, '2019-12-21 12:36:53', NULL, '2'),
(283, 'พริกขี้หนูเม็ดเล็ก', '100.00', '55.00', '404-img.png', 5, '2019-12-21 12:36:53', NULL, '2'),
(284, 'พริกชี้ฟ้า เขียว', '100.00', '44.00', '404-img.png', 5, '2019-12-21 12:36:53', NULL, '2'),
(285, 'พริกชี้ฟ้า แดง', '100.00', '58.00', '404-img.png', 5, '2019-12-21 12:36:53', NULL, '2'),
(286, 'พริกไทยอ่อน เมล็ด', '100.00', '94.00', '404-img.png', 5, '2019-12-21 12:36:53', NULL, '2'),
(287, 'พริกหนุ่ม', '100.00', '11.00', '404-img.png', 5, '2019-12-21 12:36:53', NULL, '2'),
(288, 'พริกหยวก', '100.00', '27.00', '404-img.png', 5, '2019-12-21 12:36:53', NULL, '2'),
(289, 'พริกเหลือง', '100.00', '82.00', '404-img.png', 5, '2019-12-21 12:36:53', NULL, '2'),
(290, 'พริกหวาน  พริกยักษ์', '100.00', '55.00', '404-img.png', 5, '2019-12-21 12:36:53', NULL, '2'),
(291, 'ฟักข้าว', '100.00', '28.00', '404-img.png', 5, '2019-12-21 12:36:53', NULL, '2'),
(292, 'ฟักเขียว', '100.00', '11.00', '404-img.png', 5, '2019-12-21 12:36:53', NULL, '2'),
(293, 'ฟักทอง เนื้อ', '100.00', '124.00', '404-img.png', 5, '2019-12-21 12:36:53', NULL, '2'),
(294, 'ฟักทอง เนื้อและเปลือก', '100.00', '43.00', '404-img.png', 5, '2019-12-21 12:36:53', NULL, '2'),
(295, 'ฟักทอง ยอดอ่อน', '100.00', '16.00', '404-img.png', 5, '2019-12-21 12:36:53', NULL, '2'),
(296, 'มะกอกไทย', '100.00', '79.00', '404-img.png', 5, '2019-12-21 12:36:53', NULL, '2'),
(297, 'มะกอก ยอดอ่อน', '100.00', '46.00', '404-img.png', 5, '2019-12-21 12:36:53', NULL, '2'),
(298, 'มะขาม ฝักสด', '100.00', '70.00', '404-img.png', 5, '2019-12-21 12:36:53', NULL, '2'),
(299, 'มะขาม ยอดอ่อน', '100.00', '55.00', '404-img.png', 5, '2019-12-21 12:36:53', NULL, '2'),
(300, 'มะเขือกรอบ', '100.00', '40.00', '404-img.png', 5, '2019-12-21 12:36:53', NULL, '2'),
(301, 'มะเขือขาว ดอง', '100.00', '26.00', '404-img.png', 5, '2019-12-21 12:36:53', NULL, '2'),
(302, 'มะเขือขื่น', '100.00', '48.00', '404-img.png', 5, '2019-12-21 12:36:53', NULL, '2'),
(303, 'มะเขือเครือ', '100.00', '13.00', '404-img.png', 5, '2019-12-21 12:36:53', NULL, '2'),
(304, 'มะเขือเจ้าพระยา', '100.00', '26.00', '404-img.png', 5, '2019-12-21 12:36:53', NULL, '2'),
(305, 'มะเขือเทศ', '100.00', '22.00', '404-img.png', 5, '2019-12-21 12:36:53', NULL, '2'),
(306, 'มะเขือพวง', '100.00', '46.00', '404-img.png', 5, '2019-12-21 12:36:53', NULL, '2'),
(307, 'มะเขือม่วง', '100.00', '28.00', '404-img.png', 5, '2019-12-21 12:36:53', NULL, '2'),
(308, 'มะเขือแม่สอด(มะระหวาน)', '100.00', '18.00', '404-img.png', 5, '2019-12-21 12:36:53', NULL, '2'),
(309, 'มะเขือเสวย', '100.00', '33.00', '404-img.png', 5, '2019-12-21 12:36:53', NULL, '2'),
(310, 'มะดัน', '100.00', '31.00', '404-img.png', 5, '2019-12-21 12:36:53', NULL, '2'),
(311, 'มะระขี้นก', '100.00', '17.00', '404-img.png', 5, '2019-12-21 12:36:53', NULL, '2'),
(312, 'มะระขี้จีน', '100.00', '28.00', '404-img.png', 5, '2019-12-21 12:36:53', NULL, '2'),
(313, 'มะระ ยอดอ่อน', '100.00', '79.00', '404-img.png', 5, '2019-12-21 12:36:53', NULL, '2'),
(314, 'มะรุม ฝัก', '100.00', '32.00', '404-img.png', 5, '2019-12-21 12:36:53', NULL, '2'),
(315, 'มะละกอดิบ กุดเป่ง อุบลฯ', '100.00', '27.00', '404-img.png', 5, '2019-12-21 12:36:53', NULL, '2'),
(316, 'มะละกอดิบ ผลป้อม', '100.00', '33.00', '404-img.png', 5, '2019-12-21 12:36:53', NULL, '2'),
(317, 'มะละกอดิบ ผลยาว', '100.00', '13.00', '404-img.png', 5, '2019-12-21 12:36:53', NULL, '2'),
(318, 'มะแว้ง', '100.00', '59.00', '404-img.png', 5, '2019-12-21 12:36:53', NULL, '2'),
(319, 'มะอึก', '100.00', '53.00', '404-img.png', 5, '2019-12-21 12:36:53', NULL, '2'),
(320, 'ยอดฟักข้าว เชียงใหม่', '100.00', '43.00', '404-img.png', 5, '2019-12-21 12:36:53', NULL, '2'),
(321, 'ยอดผักแส้ว เชียงใหม่', '100.00', '47.00', '404-img.png', 5, '2019-12-21 12:36:53', NULL, '2'),
(322, 'ยอดผักฮ้วน เชียงใหม่', '100.00', '58.00', '404-img.png', 5, '2019-12-21 12:36:53', NULL, '2'),
(323, 'ยอดผักฮี้ เชียงใหม่', '100.00', '50.00', '404-img.png', 5, '2019-12-21 12:36:53', NULL, '2'),
(324, 'ยอดผักเฮือด เชียงใหม่', '100.00', '39.00', '404-img.png', 5, '2019-12-21 12:36:53', NULL, '2'),
(325, 'ยอดมะพร้าวอ่อน เชียงใหม่', '100.00', '34.00', '404-img.png', 5, '2019-12-21 12:36:53', NULL, '2'),
(326, 'ยอดมะพร้าวอ่อน นครปฐม', '100.00', '42.00', '404-img.png', 5, '2019-12-21 12:36:53', NULL, '2'),
(327, 'ลูกตะลิงปลิง', '100.00', '11.00', '404-img.png', 5, '2019-12-21 12:36:53', NULL, '2'),
(328, 'ลูกเนียง หรือชะเนียง', '100.00', '156.00', '404-img.png', 5, '2019-12-21 12:36:53', NULL, '2'),
(329, 'ลูกเนียงนก', '100.00', '151.00', '404-img.png', 5, '2019-12-21 12:36:53', NULL, '2'),
(330, 'สะตอ', '100.00', '130.00', '404-img.png', 5, '2019-12-21 12:36:53', NULL, '2'),
(331, 'สมอไทย', '100.00', '53.00', '404-img.png', 5, '2019-12-21 12:36:53', NULL, '2'),
(332, 'สะเดา ยอด', '100.00', '76.00', '404-img.png', 5, '2019-12-21 12:36:53', NULL, '2'),
(333, 'สะแล', '100.00', '79.00', '404-img.png', 5, '2019-12-21 12:36:53', NULL, '2'),
(334, 'สายบัว', '100.00', '6.00', '404-img.png', 5, '2019-12-21 12:36:53', NULL, '2'),
(335, 'หน่อไม้ปี๊บ', '100.00', '39.00', '404-img.png', 5, '2019-12-21 12:36:53', NULL, '2'),
(336, 'หน่อไม้ไผ่ตง', '100.00', '27.00', '404-img.png', 5, '2019-12-21 12:36:53', NULL, '2'),
(337, 'หน่อไม้ไผ่ป่า', '100.00', '29.00', '404-img.png', 5, '2019-12-21 12:36:53', NULL, '2'),
(338, 'หน่อไม้หวาน  หน่อเล็ก', '100.00', '9.00', '404-img.png', 5, '2019-12-21 12:36:53', NULL, '2'),
(339, 'หน่อไม้หวาน  หน่อใหญ่', '100.00', '18.00', '404-img.png', 5, '2019-12-21 12:36:53', NULL, '2'),
(340, 'หน่อเหลียง', '100.00', '88.00', '404-img.png', 5, '2019-12-21 12:36:53', NULL, '2'),
(341, 'หยวกกล้วยน้ำว้า', '100.00', '6.00', '404-img.png', 5, '2019-12-21 12:36:53', NULL, '2'),
(342, 'หยวกกล้วยอ่อน', '100.00', '13.00', '404-img.png', 5, '2019-12-21 12:36:53', NULL, '2'),
(343, 'หัวปลี', '100.00', '25.00', '404-img.png', 5, '2019-12-21 12:36:53', NULL, '2'),
(344, 'เห็ดขมิ้น', '100.00', '25.00', '404-img.png', 5, '2019-12-21 12:36:53', NULL, '2'),
(345, 'เห็ดนางรม', '100.00', '28.00', '404-img.png', 5, '2019-12-21 12:36:53', NULL, '2'),
(346, 'เห็ดบัว(เห็ดฟาง)', '100.00', '43.00', '404-img.png', 5, '2019-12-21 12:36:53', NULL, '2'),
(347, 'เห็ดบัว(เห็ดฟาง)', '100.00', '28.00', '404-img.png', 5, '2019-12-21 12:36:53', NULL, '2'),
(348, 'เห็ดเป๋าฮื้อ', '100.00', '29.00', '404-img.png', 5, '2019-12-21 12:36:53', NULL, '2'),
(349, 'เห็ดเผาะ', '100.00', '37.00', '404-img.png', 5, '2019-12-21 12:36:53', NULL, '2'),
(350, 'เห็ดลม', '100.00', '76.00', '404-img.png', 5, '2019-12-21 12:36:53', NULL, '2'),
(351, 'เห็ดลม  ภาคใต้', '100.00', '65.00', '404-img.png', 5, '2019-12-21 12:36:53', NULL, '2'),
(352, 'เห็ดหูหนู', '100.00', '43.00', '404-img.png', 5, '2019-12-21 12:36:53', NULL, '2'),
(353, 'ก๋วยเตี๋ยว จันทบุรี แห้ง', '100.00', '350.00', '404-img.png', 6, '2019-12-21 12:36:53', NULL, '2'),
(354, 'ก๋วยเตี๋ยว เส้นเล็ก สด', '100.00', '220.00', '404-img.png', 6, '2019-12-21 12:36:53', NULL, '2'),
(355, 'ก๋วยเตี๋ยว เส้นใหญ่ สด', '100.00', '135.00', '404-img.png', 6, '2019-12-21 12:36:53', NULL, '2'),
(356, 'ขนมจีน แป้งสด', '100.00', '90.00', '404-img.png', 6, '2019-12-21 12:36:53', NULL, '2'),
(357, 'ขนมจีน แป้งหมัก', '100.00', '77.00', '404-img.png', 6, '2019-12-21 12:36:53', NULL, '2'),
(358, 'ขนมปังปอนด์', '100.00', '329.00', '404-img.png', 6, '2019-12-21 12:36:53', NULL, '2'),
(359, 'ข้าวเจ้า  10 %', '100.00', '352.00', '404-img.png', 6, '2019-12-21 12:36:53', NULL, '2'),
(360, 'ข้าวเจ้า  100 %', '100.00', '353.00', '404-img.png', 6, '2019-12-21 12:36:53', NULL, '2'),
(361, 'ข้าวเจ้า  5 %', '100.00', '352.00', '404-img.png', 6, '2019-12-21 12:36:53', NULL, '2'),
(362, 'ข้าวเจ้า เคลือบวิตามินบี', '100.00', '354.00', '404-img.png', 6, '2019-12-21 12:36:53', NULL, '2'),
(363, 'ข้าวเจ้า  ซ้อมมือ', '100.00', '358.00', '404-img.png', 6, '2019-12-21 12:36:53', NULL, '2'),
(364, 'ข้าวเจ้า  นึ่ง (ข้าวสวย)', '100.00', '141.00', '404-img.png', 6, '2019-12-21 12:36:53', NULL, '2'),
(365, 'ปลายข้าว  ข้าวเจ้า', '100.00', '357.00', '404-img.png', 6, '2019-12-21 12:36:53', NULL, '2'),
(366, 'ข้าวเจ้า  ชุมแสง', '100.00', '355.00', '404-img.png', 6, '2019-12-21 12:36:53', NULL, '2'),
(367, 'ข้าวเจ้า  สามพันธุ์', '100.00', '362.00', '404-img.png', 6, '2019-12-21 12:36:53', NULL, '2'),
(368, 'ข้าวเจ้า สาวไห้', '100.00', '356.00', '404-img.png', 6, '2019-12-21 12:36:53', NULL, '2'),
(369, 'ข้าวกล้อง หอมมะลิ', '100.00', '366.00', '404-img.png', 6, '2019-12-21 12:36:53', NULL, '2'),
(370, 'ข้าวเจ้า หอมมะลิ', '100.00', '356.00', '404-img.png', 6, '2019-12-21 12:36:53', NULL, '2'),
(371, 'ข้าวบัสมาตี', '100.00', '356.00', '404-img.png', 6, '2019-12-21 12:36:53', NULL, '2'),
(372, 'ข้าวบาเลย์', '100.00', '354.00', '404-img.png', 6, '2019-12-21 12:36:53', NULL, '2'),
(373, 'ข้าวโพด  (เหลือง)  ดิบ', '100.00', '111.00', '404-img.png', 6, '2019-12-21 12:36:53', NULL, '2'),
(374, 'ข้าวโพด(เหลือง) ต้ม', '100.00', '117.00', '404-img.png', 6, '2019-12-21 12:36:53', NULL, '2'),
(375, 'ข้าวฟ่าง', '100.00', '371.00', '404-img.png', 6, '2019-12-21 12:36:53', NULL, '2'),
(376, 'ข้าวมันปู', '100.00', '366.00', '404-img.png', 6, '2019-12-21 12:36:53', NULL, '2'),
(377, 'ข้าวสาลี', '100.00', '365.00', '404-img.png', 6, '2019-12-21 12:36:53', NULL, '2'),
(378, 'ข้าวสาลี จมูกข้าว อบ', '100.00', '414.00', '404-img.png', 6, '2019-12-21 12:36:53', NULL, '2'),
(379, 'ข้าวสาลี รำข้าว', '100.00', '358.00', '404-img.png', 6, '2019-12-21 12:36:53', NULL, '2'),
(380, 'ข้าวเหนียว', '100.00', '355.00', '404-img.png', 6, '2019-12-21 12:36:53', NULL, '2'),
(381, 'ข้าวเหนียว ข้าวกล้อง', '100.00', '362.00', '404-img.png', 6, '2019-12-21 12:36:53', NULL, '2'),
(382, 'ข้าวเหนียว ดำ', '100.00', '364.00', '404-img.png', 6, '2019-12-21 12:36:53', NULL, '2'),
(383, 'ข้าวเหนียว สุก  นึ่ง', '100.00', '231.00', '404-img.png', 6, '2019-12-21 12:36:53', NULL, '2'),
(384, 'ข้าวโอ๊ต', '100.00', '381.00', '404-img.png', 6, '2019-12-21 12:36:53', NULL, '2'),
(385, 'บะหมี่  สด', '100.00', '310.00', '404-img.png', 6, '2019-12-21 12:36:53', NULL, '2'),
(386, 'บะหมี่กึ่งสำเร็จรูปพร้อมเครื่องปรุง  รสหมู', '100.00', '454.00', '404-img.png', 6, '2019-12-21 12:36:53', NULL, '2'),
(387, 'สาคู  เม็ดเล็ก', '100.00', '348.00', '404-img.png', 6, '2019-12-21 12:36:53', NULL, '2'),
(388, 'เส้นหมี่', '100.00', '349.00', '404-img.png', 6, '2019-12-21 12:36:53', NULL, '2'),
(389, 'เส้นหมี่เกษตร', '100.00', '359.00', '404-img.png', 6, '2019-12-21 12:36:53', NULL, '2'),
(390, 'เส้นหมี่เกษตรผสมถั่ว', '100.00', '367.00', '404-img.png', 6, '2019-12-21 12:36:53', NULL, '2'),
(391, 'เส้นหมี่เกษตรผสมผัก', '100.00', '365.00', '404-img.png', 6, '2019-12-21 12:36:53', NULL, '2'),
(392, 'กระจับ  ดิบ', '100.00', '93.00', '404-img.png', 7, '2019-12-21 12:36:53', NULL, '2'),
(393, 'กระจับ  ต้ม', '100.00', '165.00', '404-img.png', 7, '2019-12-21 12:36:53', NULL, '2'),
(394, 'กละ  คั่ว', '100.00', '605.00', '404-img.png', 7, '2019-12-21 12:36:53', NULL, '2'),
(395, 'เกาลัด ลูกใหญ่ ดิบ', '100.00', '217.00', '404-img.png', 7, '2019-12-21 12:36:53', NULL, '2'),
(396, 'งาขาว  คั่ว', '100.00', '697.00', '404-img.png', 7, '2019-12-21 12:36:53', NULL, '2'),
(397, 'งาขาว  ดิบ', '100.00', '658.00', '404-img.png', 7, '2019-12-21 12:36:53', NULL, '2'),
(398, 'งาขี้ม่อน  ดิบ  จ.แพร่', '100.00', '569.00', '404-img.png', 7, '2019-12-21 12:36:53', NULL, '2'),
(399, 'งาขี้ม่อน  ดิบ  จ.เชียงใหม่', '100.00', '600.00', '404-img.png', 7, '2019-12-21 12:36:53', NULL, '2'),
(400, 'งาดำ  ดิบ', '100.00', '603.00', '404-img.png', 7, '2019-12-21 12:36:53', NULL, '2'),
(401, 'งาดำ  คั่ว', '100.00', '625.00', '404-img.png', 7, '2019-12-21 12:36:53', NULL, '2'),
(402, 'เต้าเจี้ยว ขาว', '100.00', '126.00', '404-img.png', 7, '2019-12-21 12:36:53', NULL, '2'),
(403, 'เต้าหู้ขาว อ่อน', '100.00', '46.00', '404-img.png', 7, '2019-12-21 12:36:53', NULL, '2'),
(404, 'เต้าหู้เหลือง', '100.00', '150.00', '404-img.png', 7, '2019-12-21 12:36:53', NULL, '2'),
(405, 'เต้าหู้ทอด เต้าหู้พอง', '100.00', '354.00', '404-img.png', 7, '2019-12-21 12:36:53', NULL, '2'),
(406, 'เต้าหู้ยี้ กระป๋อง', '100.00', '141.00', '404-img.png', 7, '2019-12-21 12:36:53', NULL, '2'),
(407, 'เต้าหู้ยี้ แบ่งขาย', '100.00', '143.00', '404-img.png', 7, '2019-12-21 12:36:53', NULL, '2'),
(408, 'ถั่วขาว  ดิบ (ภาคใต้)', '100.00', '359.00', '404-img.png', 7, '2019-12-21 12:36:53', NULL, '2'),
(409, 'ถั่วเขียว  ดิบ', '100.00', '347.00', '404-img.png', 7, '2019-12-21 12:36:53', NULL, '2'),
(410, 'ถั่วเขียว แป้ง', '100.00', '284.00', '404-img.png', 7, '2019-12-21 12:36:53', NULL, '2'),
(411, 'ถั่วแดง  คั่ว', '100.00', '385.00', '404-img.png', 7, '2019-12-21 12:36:53', NULL, '2'),
(412, 'ถั่วแดง ดิบ', '100.00', '332.00', '404-img.png', 7, '2019-12-21 12:36:53', NULL, '2'),
(413, 'ถั่วแดงหลวง  ดิบ', '100.00', '346.00', '404-img.png', 7, '2019-12-21 12:36:53', NULL, '2'),
(414, 'ถั่วดำ  คั่ว', '100.00', '383.00', '404-img.png', 7, '2019-12-21 12:36:53', NULL, '2'),
(415, 'ถั่วดำ  ดิบ', '100.00', '357.00', '404-img.png', 7, '2019-12-21 12:36:53', NULL, '2'),
(416, 'ถั่วดำ เม็ดเล็ก  ดิบ', '100.00', '352.00', '404-img.png', 7, '2019-12-21 12:36:53', NULL, '2'),
(417, 'ถั่วพุ่ม  ทั้งเปลือก', '100.00', '355.00', '404-img.png', 7, '2019-12-21 12:36:53', NULL, '2'),
(418, 'ถั่วพุ่ม  แยกเปลือก', '100.00', '360.00', '404-img.png', 7, '2019-12-21 12:36:53', NULL, '2'),
(419, 'ถั่วนางหอม  ทั้งเปลือก', '100.00', '354.00', '404-img.png', 7, '2019-12-21 12:36:53', NULL, '2'),
(420, 'ถั่วนางหอม  แยกเปลือก', '100.00', '352.00', '404-img.png', 7, '2019-12-21 12:36:53', NULL, '2'),
(421, 'ถั่วเน่า เปียก', '100.00', '167.00', '404-img.png', 7, '2019-12-21 12:36:53', NULL, '2'),
(422, 'ถั่วเน่า แห้ง', '100.00', '422.00', '404-img.png', 7, '2019-12-21 12:36:53', NULL, '2'),
(423, 'ถั่วแปะยี  คั่ว', '100.00', '370.00', '404-img.png', 7, '2019-12-21 12:36:53', NULL, '2'),
(424, 'ถั่วแปะยี  ดิบ', '100.00', '350.00', '404-img.png', 7, '2019-12-21 12:36:53', NULL, '2'),
(425, 'ถั่วแปะยี  ทอด', '100.00', '449.00', '404-img.png', 7, '2019-12-21 12:36:53', NULL, '2'),
(426, 'ถั่วแระ  ดิบ', '100.00', '167.00', '404-img.png', 7, '2019-12-21 12:36:53', NULL, '2'),
(427, 'ถั่วแระ  ต้ม', '100.00', '184.00', '404-img.png', 7, '2019-12-21 12:36:53', NULL, '2'),
(428, 'ถั่วลาย  ทั้งเปลือก จ.แม่ฮ่องสอน', '100.00', '347.00', '404-img.png', 7, '2019-12-21 12:36:53', NULL, '2'),
(429, 'ถั่วลาย  ทั้งเปลือก  จ.สระบุรี', '100.00', '360.00', '404-img.png', 7, '2019-12-21 12:36:53', NULL, '2'),
(430, 'ถั่วลาย  แยกเปลือก  จ.แม่ฮ่องสอน', '100.00', '352.00', '404-img.png', 7, '2019-12-21 12:36:53', NULL, '2'),
(431, 'ถั่วลาย  แยกเปลือก  จ.สระบุรี', '100.00', '354.00', '404-img.png', 7, '2019-12-21 12:36:53', NULL, '2'),
(432, 'ถั่วลิสง  ดิบ', '100.00', '538.00', '404-img.png', 7, '2019-12-21 12:36:53', NULL, '2'),
(433, 'ถั่วเล็บมือนาง  คั่ว', '100.00', '359.00', '404-img.png', 7, '2019-12-21 12:36:53', NULL, '2'),
(434, 'ถั่วเล็บมือนาง  ดิบ', '100.00', '355.00', '404-img.png', 7, '2019-12-21 12:36:53', NULL, '2'),
(435, 'ถั่วหรั่ง  ดิบ', '100.00', '180.00', '404-img.png', 7, '2019-12-21 12:36:53', NULL, '2'),
(436, 'ถั่วหรั่ง  ต้ม', '100.00', '160.00', '404-img.png', 7, '2019-12-21 12:36:53', NULL, '2'),
(437, 'ถั่วเหลือง  คั่ว', '100.00', '435.00', '404-img.png', 7, '2019-12-21 12:36:53', NULL, '2'),
(438, 'ถั่วเหลือง  ดิบ', '100.00', '430.00', '404-img.png', 7, '2019-12-21 12:36:53', NULL, '2'),
(439, 'นมถั่วเหลืองUHT', '100.00', '72.00', '404-img.png', 7, '2019-12-21 12:36:53', NULL, '2'),
(440, 'แปะก๊วย เมล็ด ไม่มีเปลือก', '100.00', '191.00', '404-img.png', 7, '2019-12-21 12:36:53', NULL, '2'),
(441, 'มะพร้าวขูด', '100.00', '326.00', '404-img.png', 7, '2019-12-21 12:36:53', NULL, '2'),
(442, 'มะพร้าวขูด  กาก', '100.00', '154.00', '404-img.png', 7, '2019-12-21 12:36:53', NULL, '2'),
(443, 'มะพร้าวอ่อน  เนื้อ', '100.00', '73.00', '404-img.png', 7, '2019-12-21 12:36:53', NULL, '2'),
(444, 'เมล็ดกระถิน แห้ง  คั่ว', '100.00', '415.00', '404-img.png', 7, '2019-12-21 12:36:53', NULL, '2'),
(445, 'เมล็ดขนุน ดิบ', '100.00', '153.00', '404-img.png', 7, '2019-12-21 12:36:53', NULL, '2'),
(446, 'เมล็ดเงาะ ดิบ', '100.00', '374.00', '404-img.png', 7, '2019-12-21 12:36:53', NULL, '2'),
(447, 'เมล็ดถั่วแขก  ดิบ', '100.00', '380.00', '404-img.png', 7, '2019-12-21 12:36:53', NULL, '2'),
(448, 'เมล็ดถั่วพู  ลวก  ปอกเปลือก', '100.00', '309.00', '404-img.png', 7, '2019-12-21 12:36:53', NULL, '2'),
(449, 'เมล็ดบัว  ดิบ', '100.00', '353.00', '404-img.png', 7, '2019-12-21 12:36:53', NULL, '2'),
(450, 'เมล็ดบัว  นึ่ง', '100.00', '157.00', '404-img.png', 7, '2019-12-21 12:36:53', NULL, '2'),
(451, 'เมล็ดมะขาม  คั่ว', '100.00', '393.00', '404-img.png', 7, '2019-12-21 12:36:53', NULL, '2'),
(452, 'เมล็ดมะม่วงหิมพานต์  คั่ว', '100.00', '597.00', '404-img.png', 7, '2019-12-21 12:36:53', NULL, '2'),
(453, 'เมล็ดมะม่วงหิมพานต์  ดิบ', '100.00', '600.00', '404-img.png', 7, '2019-12-21 12:36:53', NULL, '2'),
(454, 'เมล็ดมะม่วงหิมพานต์  อบเนย', '100.00', '619.00', '404-img.png', 7, '2019-12-21 12:36:53', NULL, '2'),
(455, 'ลูกเดือย  ดิบ', '100.00', '372.00', '404-img.png', 7, '2019-12-21 12:36:53', NULL, '2'),
(456, 'ลูกก่อ ใหญ่  ดิบ', '100.00', '262.00', '404-img.png', 7, '2019-12-21 12:36:53', NULL, '2'),
(457, 'ลูกก่อ เล็ก  ดิบ', '100.00', '238.00', '404-img.png', 7, '2019-12-21 12:36:53', NULL, '2'),
(458, 'นมข้นจืด  คืนรูป  แปลงไขมัน สูตรน้ำมันปาล์ม', '100.00', '114.00', '404-img.png', 8, '2019-12-21 12:36:53', NULL, '2'),
(459, 'นมข้นจืด  คืนรูป  แปลงไขมัน สูตรมันเนย', '100.00', '105.00', '404-img.png', 8, '2019-12-21 12:36:53', NULL, '2'),
(460, 'นมข้นหวาน  คืนรูป  แปลงไขมัน สูตรน้ำมันปาล์ม', '100.00', '324.00', '404-img.png', 8, '2019-12-21 12:36:53', NULL, '2'),
(461, 'นมข้นหวาน  คืนรูป  แปลงไขมัน สูตรน้ำมันปาล์ม ผสมมันเนย', '100.00', '331.00', '404-img.png', 8, '2019-12-21 12:36:53', NULL, '2'),
(462, 'นมข้นหวาน  คืนรูป  แปลงไขมัน สูตรมันเนย', '100.00', '337.00', '404-img.png', 8, '2019-12-21 12:36:53', NULL, '2'),
(463, 'นมเปรี้ยว  ยาคูลท์', '100.00', '54.00', '404-img.png', 8, '2019-12-21 12:36:53', NULL, '2'),
(464, 'นมเปรี้ยวพร้อมดื่ม  พาสเจอร์ไรส์ สูตรนมสด  ตราบีทาเกน', '100.00', '72.00', '404-img.png', 8, '2019-12-21 12:36:53', NULL, '2'),
(465, 'นมเปรี้ยวพร้อมดื่ม  พาสเจอร์ไรส์ สูตรนมสด  รสผลไม้รวม', '100.00', '72.00', '404-img.png', 8, '2019-12-21 12:36:53', NULL, '2'),
(466, 'นมเปรี้ยวพร้อมดื่ม  พาสเจอร์ไรส์ สูตรโยเกิร์ต 35 %  รสผลไม้รวม', '100.00', '66.00', '404-img.png', 8, '2019-12-21 12:36:53', NULL, '2'),
(467, 'นมเปรี้ยวพร้อมดื่ม  พาสเจอร์ไรส์ สูตรโยเกิร์ต 76.5 %  รสผลไม้รวม', '100.00', '71.00', '404-img.png', 8, '2019-12-21 12:36:53', NULL, '2'),
(468, 'นมเปรี้ยวพร้อมดื่ม  ไขมันต่ำ  ยูเอชที  รสนม', '100.00', '54.00', '404-img.png', 8, '2019-12-21 12:36:53', NULL, '2'),
(469, 'นมเปรี้ยวพร้อมดื่ม  ไขมันต่ำ  ยูเอชที  รสผลไม้รวม', '100.00', '53.00', '404-img.png', 8, '2019-12-21 12:36:53', NULL, '2'),
(470, 'นมเปรี้ยวพร้อมดื่ม  ยูเอชที  สูตรนมสด 85 %  รสผลไม้รวม', '100.00', '64.00', '404-img.png', 8, '2019-12-21 12:36:53', NULL, '2'),
(471, 'นมเปรี้ยวพร้อมดื่ม  ยูเอชที  สูตรนมสด 50 % รสผลไม้รวม', '100.00', '70.00', '404-img.png', 8, '2019-12-21 12:36:53', NULL, '2'),
(472, 'นมเปรี้ยวพร้อมดื่ม  ยูเอชที  สูตรนมสด ผสมนมผง  รสผลไม้รวม', '100.00', '62.00', '404-img.png', 8, '2019-12-21 12:36:53', NULL, '2'),
(473, 'นมผงธรรมดา', '100.00', '499.00', '404-img.png', 8, '2019-12-21 12:36:53', NULL, '2'),
(474, 'นมผงขาดมันเนย', '100.00', '358.00', '404-img.png', 8, '2019-12-21 12:36:53', NULL, '2'),
(475, 'นมผง  ชนิดเม็ด', '100.00', '477.00', '404-img.png', 8, '2019-12-21 12:36:53', NULL, '2'),
(476, 'นมสด  พาสเจอร์ไรส์', '100.00', '58.00', '404-img.png', 8, '2019-12-21 12:36:53', NULL, '2'),
(477, 'นมสด  พาสเจอร์ไรส์  รสหวาน', '100.00', '79.00', '404-img.png', 8, '2019-12-21 12:36:53', NULL, '2'),
(478, 'นมสดพร่องมันเนย  พาสเจอร์ไรส์', '100.00', '44.00', '404-img.png', 8, '2019-12-21 12:36:53', NULL, '2'),
(479, 'นมสด  ยูเอชที', '100.00', '65.00', '404-img.png', 8, '2019-12-21 12:36:53', NULL, '2'),
(480, 'นมสด  ยูเอชที  รสหวาน', '100.00', '69.00', '404-img.png', 8, '2019-12-21 12:36:53', NULL, '2'),
(481, 'นมสด  พร่องมันเนย  ยูเอชที', '100.00', '42.00', '404-img.png', 8, '2019-12-21 12:36:53', NULL, '2'),
(482, 'นมสดพร่องมันเนย  ยูเอชที  ผสมนมพร่องมันเนย อัตราส่วน 46 : 6', '100.00', '46.00', '404-img.png', 8, '2019-12-21 12:36:53', NULL, '2'),
(483, 'นมสดพร่องมันเนย  ยูเอชที  สูตรนมสด ผสมนมพร่องมันเนย อัตราส่วน 22 : 78', '100.00', '41.00', '404-img.png', 8, '2019-12-21 12:36:53', NULL, '2'),
(484, 'นมสด สเตอริไลซ์', '100.00', '56.00', '404-img.png', 8, '2019-12-21 12:36:53', NULL, '2'),
(485, 'เนย  ชนิดเค็ม', '100.00', '764.00', '404-img.png', 8, '2019-12-21 12:36:53', NULL, '2'),
(486, 'เนยแข็ง  เชดาร์', '100.00', '340.00', '404-img.png', 8, '2019-12-21 12:36:53', NULL, '2'),
(487, 'โยเกิร์ต', '100.00', '107.00', '404-img.png', 8, '2019-12-21 12:36:53', NULL, '2'),
(488, 'โยเกิร์ต  สูตรนมสดผสมนมพร่องมันเนย', '100.00', '90.00', '404-img.png', 8, '2019-12-21 12:36:53', NULL, '2'),
(489, 'โยเกิร์ต  สูตรนมสดผสมนมพร่องมันเนย 79 : 3  รสผลไม้รวม', '100.00', '126.00', '404-img.png', 8, '2019-12-21 12:36:53', NULL, '2'),
(490, 'โยเกิร์ต  สูตรนมสดผสมนมพร่องมันเนย 73 : 4  รสผลไม้รวม', '100.00', '122.00', '404-img.png', 8, '2019-12-21 12:36:53', NULL, '2'),
(491, 'โยเกิร์ต  ไขมันต่ำ  รสผลไม้รวม', '100.00', '92.00', '404-img.png', 8, '2019-12-21 12:36:53', NULL, '2'),
(492, 'กล้วยไข่', '100.00', '147.00', '404-img.png', 9, '2019-12-21 12:36:53', NULL, '2'),
(493, 'กล้วยน้ำไทย', '100.00', '124.00', '404-img.png', 9, '2019-12-21 12:36:53', NULL, '2'),
(494, 'กล้วยน้ำหว้า', '100.00', '148.00', '404-img.png', 9, '2019-12-21 12:36:53', NULL, '2'),
(495, 'กล้วยหอม', '100.00', '132.00', '404-img.png', 9, '2019-12-21 12:36:53', NULL, '2'),
(496, 'กล้วยหักมุก', '100.00', '113.00', '404-img.png', 9, '2019-12-21 12:36:53', NULL, '2'),
(497, 'ขนุน  ละมุด', '100.00', '117.00', '404-img.png', 9, '2019-12-21 12:36:53', NULL, '2'),
(498, 'เงาะ', '100.00', '67.00', '404-img.png', 9, '2019-12-21 12:36:53', NULL, '2'),
(499, 'เงาะโรงเรียน', '100.00', '76.00', '404-img.png', 9, '2019-12-21 12:36:53', NULL, '2'),
(500, 'เงาะสีชมพู', '100.00', '79.00', '404-img.png', 9, '2019-12-21 12:36:53', NULL, '2'),
(501, 'ชมพู่แก้มแหม่ม', '100.00', '16.00', '404-img.png', 9, '2019-12-21 12:36:53', NULL, '2'),
(502, 'ชมพู่แขกดำ', '100.00', '27.00', '404-img.png', 9, '2019-12-21 12:36:53', NULL, '2'),
(503, 'ชมพู่นาค', '100.00', '21.00', '404-img.png', 9, '2019-12-21 12:36:53', NULL, '2'),
(504, 'ชมพู่มะเหมี่ยว', '100.00', '24.00', '404-img.png', 9, '2019-12-21 12:36:53', NULL, '2'),
(505, 'ชมพู่เมืองเพชร', '100.00', '28.00', '404-img.png', 9, '2019-12-21 12:36:53', NULL, '2'),
(506, 'ชมพู่สาแหรก', '100.00', '32.00', '404-img.png', 9, '2019-12-21 12:36:53', NULL, '2'),
(507, 'ชมพู่สีชาด', '100.00', '21.00', '404-img.png', 9, '2019-12-21 12:36:53', NULL, '2'),
(508, 'องุ่น', '100.00', '69.00', '404-img.png', 9, '2019-12-21 12:36:53', NULL, '2'),
(509, 'แตงไทย  สุก', '100.00', '13.00', '404-img.png', 9, '2019-12-21 12:36:53', NULL, '2'),
(510, 'แตงโม  สุก', '100.00', '25.00', '404-img.png', 9, '2019-12-21 12:36:53', NULL, '2'),
(511, 'ทุเรียนกระดุม', '100.00', '134.00', '404-img.png', 9, '2019-12-21 12:36:53', NULL, '2'),
(512, 'ทุเรียนก้านยาว', '100.00', '187.00', '404-img.png', 9, '2019-12-21 12:36:53', NULL, '2'),
(513, 'ทุเรียนชะนี', '100.00', '148.00', '404-img.png', 9, '2019-12-21 12:36:53', NULL, '2'),
(514, 'ทุเรียนลวง', '100.00', '160.00', '404-img.png', 9, '2019-12-21 12:36:53', NULL, '2'),
(515, 'ทุเรียนหมอนทอง', '100.00', '163.00', '404-img.png', 9, '2019-12-21 12:36:53', NULL, '2'),
(516, 'ทุเรียน  กวน', '100.00', '340.00', '404-img.png', 9, '2019-12-21 12:36:53', NULL, '2'),
(517, 'น้อยหน่า', '100.00', '98.00', '404-img.png', 9, '2019-12-21 12:36:53', NULL, '2'),
(518, 'ฝรั่ง  กลมสาลี่', '100.00', '43.00', '404-img.png', 9, '2019-12-21 12:36:53', NULL, '2'),
(519, 'พุทราไทย', '100.00', '89.00', '404-img.png', 9, '2019-12-21 12:36:53', NULL, '2'),
(520, 'พุทรา  ลูกยาว', '100.00', '120.00', '404-img.png', 9, '2019-12-21 12:36:53', NULL, '2'),
(521, 'พุทราแอปเปิ้ล', '100.00', '50.00', '404-img.png', 9, '2019-12-21 12:36:53', NULL, '2'),
(522, 'แพชชั่นฟรุท  ผล  เนื้อภายนอก', '100.00', '50.00', '404-img.png', 9, '2019-12-21 12:36:53', NULL, '2'),
(523, 'แพชชั่นฟรุท  น้ำคั้น', '100.00', '60.00', '404-img.png', 9, '2019-12-21 12:36:53', NULL, '2'),
(524, 'แพชชั่นฟรุท  กวน(แยม)', '100.00', '322.00', '404-img.png', 9, '2019-12-21 12:36:53', NULL, '2');
INSERT INTO `ingredients` (`ing_id`, `ing_name`, `ing_unit`, `ing_kcal`, `ing_img`, `ing_type`, `ing_time`, `cus_id`, `ing_status`) VALUES
(525, 'แพชชั่นฟรุท  ผล  เมล็ด', '100.00', '294.00', '404-img.png', 9, '2019-12-21 12:36:53', NULL, '2'),
(526, 'มะกอกฝรั่ง', '100.00', '52.00', '404-img.png', 9, '2019-12-21 12:36:53', NULL, '2'),
(527, 'มะขามเทศ  ชนิดมัน', '100.00', '87.00', '404-img.png', 9, '2019-12-21 12:36:53', NULL, '2'),
(528, 'มะขามป้อม', '100.00', '70.00', '404-img.png', 9, '2019-12-21 12:36:53', NULL, '2'),
(529, 'มะขามหวาน', '100.00', '333.00', '404-img.png', 9, '2019-12-21 12:36:53', NULL, '2'),
(530, 'มะปรางสุก', '100.00', '53.00', '404-img.png', 9, '2019-12-21 12:36:53', NULL, '2'),
(531, 'มะเฟือง', '100.00', '37.00', '404-img.png', 9, '2019-12-21 12:36:53', NULL, '2'),
(532, 'มะไฟ', '100.00', '48.00', '404-img.png', 9, '2019-12-21 12:36:53', NULL, '2'),
(533, 'มะม่วงแก้วดิบ', '100.00', '76.00', '404-img.png', 9, '2019-12-21 12:36:53', NULL, '2'),
(534, 'มะม่วงแก้วสุก', '100.00', '93.00', '404-img.png', 9, '2019-12-21 12:36:53', NULL, '2'),
(535, 'มะม่วงเขียวสะอาด  ดิบ', '100.00', '61.00', '404-img.png', 9, '2019-12-21 12:36:53', NULL, '2'),
(536, 'มะม่วงเขียวเสวย  ดิบ', '100.00', '87.00', '404-img.png', 9, '2019-12-21 12:36:53', NULL, '2'),
(537, 'มะม่วงเขียวเสวย  สุก', '100.00', '82.00', '404-img.png', 9, '2019-12-21 12:36:53', NULL, '2'),
(538, 'มะม่วงคาราบาว  สุก', '100.00', '63.00', '404-img.png', 9, '2019-12-21 12:36:53', NULL, '2'),
(539, 'มะม่วงทองดำ ดิบ', '100.00', '105.00', '404-img.png', 9, '2019-12-21 12:36:53', NULL, '2'),
(540, 'มะม่วงพราหมณ์  สุก', '100.00', '49.00', '404-img.png', 9, '2019-12-21 12:36:53', NULL, '2'),
(541, 'มะม่วงพิมเสน  สุก', '100.00', '64.00', '404-img.png', 9, '2019-12-21 12:36:53', NULL, '2'),
(542, 'มะม่วงพิมเสนมัน  ดิบ', '100.00', '91.00', '404-img.png', 9, '2019-12-21 12:36:53', NULL, '2'),
(543, 'มะม่วงแรดดิบ', '100.00', '51.00', '404-img.png', 9, '2019-12-21 12:36:53', NULL, '2'),
(544, 'มะม่วงอกร่อง  สุก', '100.00', '79.00', '404-img.png', 9, '2019-12-21 12:36:53', NULL, '2'),
(545, 'มะม่วงหนังกลางวัน  สุก', '100.00', '83.00', '404-img.png', 9, '2019-12-21 12:36:53', NULL, '2'),
(546, 'มะม่วงแห้วมัน  ดิบ', '100.00', '73.00', '404-img.png', 9, '2019-12-21 12:36:53', NULL, '2'),
(547, 'มะม่วงหิมพานต์  ผล  สุก', '100.00', '53.00', '404-img.png', 9, '2019-12-21 12:36:53', NULL, '2'),
(548, 'มะละกอ  ดิบ', '100.00', '24.00', '404-img.png', 9, '2019-12-21 12:36:53', NULL, '2'),
(549, 'มะละกอ  สุก', '100.00', '53.00', '404-img.png', 9, '2019-12-21 12:36:53', NULL, '2'),
(550, 'มะละกอ  ค่อนข้างสุก', '100.00', '13.00', '404-img.png', 9, '2019-12-21 12:36:53', NULL, '2'),
(551, 'มะละกอ  สุก  จ.อุบลฯ', '100.00', '24.00', '404-img.png', 9, '2019-12-21 12:36:53', NULL, '2'),
(552, 'มะพร้าวขูด', '100.00', '326.00', '404-img.png', 9, '2019-12-21 12:36:53', NULL, '2'),
(553, 'มะพร้าวขูด  กาก', '100.00', '154.00', '404-img.png', 9, '2019-12-21 12:36:53', NULL, '2'),
(554, 'มะพร้าวอ่อน  เนื้อ', '100.00', '73.00', '404-img.png', 9, '2019-12-21 12:36:53', NULL, '2'),
(555, 'มังคุด', '100.00', '82.00', '404-img.png', 9, '2019-12-21 12:36:53', NULL, '2'),
(556, 'ระกำ', '100.00', '50.00', '404-img.png', 9, '2019-12-21 12:36:53', NULL, '2'),
(557, 'ละมุด  ไทย', '100.00', '93.00', '404-img.png', 9, '2019-12-21 12:36:53', NULL, '2'),
(558, 'ละมุด  มะกอก', '100.00', '35.00', '404-img.png', 9, '2019-12-21 12:36:53', NULL, '2'),
(559, 'ลางสาด', '100.00', '67.00', '404-img.png', 9, '2019-12-21 12:36:53', NULL, '2'),
(560, 'ลำใย', '100.00', '111.00', '404-img.png', 9, '2019-12-21 12:36:53', NULL, '2'),
(561, 'ลำใย  กะโหลก', '100.00', '77.00', '404-img.png', 9, '2019-12-21 12:36:53', NULL, '2'),
(562, 'ลำใย  เบี้ยวเขียว', '100.00', '66.00', '404-img.png', 9, '2019-12-21 12:36:53', NULL, '2'),
(563, 'ลิ้นจี่', '100.00', '57.00', '404-img.png', 9, '2019-12-21 12:36:53', NULL, '2'),
(564, 'ลูกจัน  สุก', '100.00', '325.00', '404-img.png', 9, '2019-12-21 12:36:53', NULL, '2'),
(565, 'ลูกตาล  อ่อน', '100.00', '49.00', '404-img.png', 9, '2019-12-21 12:36:53', NULL, '2'),
(566, 'ลูกหว้า', '100.00', '59.00', '404-img.png', 9, '2019-12-21 12:36:53', NULL, '2'),
(567, 'สละ', '100.00', '74.00', '404-img.png', 9, '2019-12-21 12:36:53', NULL, '2'),
(568, 'ส้มเกลี้ยง', '100.00', '52.00', '404-img.png', 9, '2019-12-21 12:36:53', NULL, '2'),
(569, 'ส้ม  เขียวหวาน', '100.00', '42.00', '404-img.png', 9, '2019-12-21 12:36:53', NULL, '2'),
(570, 'ส้มโอ  ทองดี', '100.00', '44.00', '404-img.png', 9, '2019-12-21 12:36:53', NULL, '2'),
(571, 'ส้มโอ  บางขุนนนท์', '100.00', '52.00', '404-img.png', 9, '2019-12-21 12:36:53', NULL, '2'),
(572, 'น้ำมะนาว', '100.00', '25.00', '404-img.png', 10, '2019-12-21 12:36:53', NULL, '2'),
(573, 'แตงกวา', '100.00', '18.00', '404-img.png', 10, '2019-12-21 12:36:53', NULL, '2'),
(574, 'ซอสพริก', '100.00', '11.00', '404-img.png', 10, '2019-12-21 12:36:53', NULL, '2'),
(575, 'ออริกาโน', '100.00', '265.00', '404-img.png', 10, '2019-12-21 12:36:53', NULL, '2'),
(576, 'ยี่หร่า', '100.00', '375.00', '404-img.png', 10, '2019-12-21 12:36:53', NULL, '2'),
(577, 'ขมิ้น', '100.00', '312.00', '404-img.png', 10, '2019-12-21 12:36:53', NULL, '2'),
(578, 'ขิงสด', '100.00', '80.00', '404-img.png', 10, '2019-12-21 12:36:53', NULL, '2'),
(579, 'โรสแมรี่สด', '100.00', '257.00', '404-img.png', 10, '2019-12-21 12:36:53', NULL, '2'),
(580, 'หัวหอม', '100.00', '40.00', '404-img.png', 10, '2019-12-21 12:36:53', NULL, '2'),
(581, 'หัวหอมใหญ่', '100.00', '407.00', '404-img.png', 10, '2019-12-21 12:36:53', NULL, '2'),
(582, 'กระเทียม สด', '100.00', '167.00', '404-img.png', 10, '2019-12-21 12:36:53', NULL, '2'),
(583, 'น้ำส้มสายชู', '100.00', '20.00', '404-img.png', 10, '2019-12-21 12:36:53', NULL, '2'),
(584, 'ผงกาแฟ', '100.00', '351.00', '404-img.png', 10, '2019-12-21 12:36:53', NULL, '2'),
(585, 'ผงโกโก้', '100.00', '204.00', '404-img.png', 10, '2019-12-21 12:36:53', NULL, '2'),
(586, 'ผงอบเชย', '100.00', '247.00', '404-img.png', 10, '2019-12-21 12:36:53', NULL, '2'),
(587, 'ชา', '100.00', '1.00', '404-img.png', 10, '2019-12-21 12:36:53', NULL, '2'),
(588, 'น้ำปลา', '100.00', '35.00', '404-img.png', 10, '2019-12-21 12:36:53', NULL, '2'),
(589, 'ซีอิ๊ว', '100.00', '53.00', '404-img.png', 10, '2019-12-21 12:36:53', NULL, '2'),
(590, 'เกลือ', '100.00', '0.00', '404-img.png', 10, '2019-12-21 12:36:53', NULL, '2'),
(591, 'ซอสมะเขือเทศ', '100.00', '88.00', '404-img.png', 10, '2019-12-21 12:36:53', NULL, '2'),
(592, 'กะปิ จันทบุรี', '100.00', '144.00', '404-img.png', 10, '2019-12-21 12:36:53', NULL, '2'),
(593, 'กระเทียม หัว', '100.00', '143.00', '404-img.png', 10, '2019-12-21 12:36:53', NULL, '2'),
(594, 'ข่า', '100.00', '95.00', '404-img.png', 10, '2019-12-21 12:36:53', NULL, '2'),
(595, 'ขมิ้นชัน', '100.00', '68.00', '404-img.png', 10, '2019-12-21 12:36:53', NULL, '2'),
(596, 'เครื่องแกงเผ็ด', '100.00', '121.00', '404-img.png', 10, '2019-12-21 12:36:53', NULL, '2'),
(597, 'เครื่องแกงมัสมั่น', '100.00', '282.00', '404-img.png', 10, '2019-12-21 12:36:53', NULL, '2'),
(598, 'ดอกจันทร์', '100.00', '388.00', '404-img.png', 10, '2019-12-21 12:36:53', NULL, '2'),
(599, 'ตะไคร้', '100.00', '143.00', '404-img.png', 10, '2019-12-21 12:36:53', NULL, '2'),
(600, 'น้ำบูดู เค็ม', '100.00', '47.00', '404-img.png', 10, '2019-12-21 12:36:53', NULL, '2'),
(601, 'น้ำบูดู หวาน', '100.00', '203.00', '404-img.png', 10, '2019-12-21 12:36:53', NULL, '2'),
(602, 'ใบกระวาน', '100.00', '372.00', '404-img.png', 10, '2019-12-21 12:36:53', NULL, '2'),
(603, 'ผักชี ราก', '100.00', '57.00', '404-img.png', 10, '2019-12-21 12:36:53', NULL, '2'),
(604, 'ผักชี ลูก', '100.00', '325.00', '404-img.png', 10, '2019-12-21 12:36:53', NULL, '2'),
(605, 'ผงกะหรี่', '100.00', '325.00', '404-img.png', 10, '2019-12-21 12:36:53', NULL, '2'),
(606, 'พะโล้ ผง', '100.00', '371.00', '404-img.png', 10, '2019-12-21 12:36:53', NULL, '2'),
(607, 'พริกขี้หนู แห้ง', '100.00', '347.00', '404-img.png', 10, '2019-12-21 12:36:53', NULL, '2'),
(608, 'พริกชี้ฟ้า แห้ง', '100.00', '364.00', '404-img.png', 10, '2019-12-21 12:36:53', NULL, '2'),
(609, 'พริกไทย ดำ', '100.00', '326.00', '404-img.png', 10, '2019-12-21 12:36:53', NULL, '2'),
(610, 'มะกรูด ใบ', '100.00', '171.00', '404-img.png', 10, '2019-12-21 12:36:53', NULL, '2'),
(611, 'มะกรูด ผิว', '100.00', '118.00', '404-img.png', 10, '2019-12-21 12:36:53', NULL, '2'),
(612, 'มัสตาด', '100.00', '511.00', '404-img.png', 10, '2019-12-21 12:36:53', NULL, '2'),
(613, 'เมล็ดยี่หร่า ', '100.00', '313.00', '404-img.png', 10, '2019-12-21 12:36:53', NULL, '2'),
(614, 'สะระแหน่ ใบ', '100.00', '52.00', '404-img.png', 10, '2019-12-21 12:36:53', NULL, '2'),
(615, 'โหระพา ใบ', '100.00', '54.00', '404-img.png', 10, '2019-12-21 12:36:53', NULL, '2'),
(616, 'หอมแดง', '100.00', '63.00', '404-img.png', 10, '2019-12-21 12:36:53', NULL, '2'),
(617, 'กลีบ', '100.00', '392.00', '404-img.png', 10, '2019-12-21 12:36:53', NULL, '2'),
(618, 'เม้นท์คาร์ดามอม', '100.00', '368.00', '404-img.png', 10, '2019-12-21 12:36:53', NULL, '2'),
(619, 'หญ้าฝรั่น', '100.00', '135.00', '404-img.png', 10, '2019-12-21 12:36:53', NULL, '2'),
(620, 'จันทน์เทศ', '100.00', '331.00', '404-img.png', 10, '2019-12-21 12:36:53', NULL, '2'),
(621, 'ไธม์', '100.00', '101.00', '404-img.png', 10, '2019-12-21 12:36:53', NULL, '2'),
(622, 'เผ็ด', '100.00', '272.00', '404-img.png', 10, '2019-12-21 12:36:53', NULL, '2'),
(623, 'ทาร์รากอน', '100.00', '295.00', '404-img.png', 10, '2019-12-21 12:36:53', NULL, '2'),
(624, 'สเปียร์มินต์', '100.00', '44.00', '404-img.png', 10, '2019-12-21 12:36:53', NULL, '2'),
(625, 'เมล็ดผักชี', '100.00', '351.00', '404-img.png', 10, '2019-12-21 12:36:53', NULL, '2'),
(626, 'มาร์จอแรม', '100.00', '272.00', '404-img.png', 10, '2019-12-21 12:36:53', NULL, '2'),
(627, 'เปปเปอร์มินต์', '100.00', '70.00', '404-img.png', 10, '2019-12-21 12:36:53', NULL, '2'),
(628, 'พริกป่น', '100.00', '282.00', '404-img.png', 10, '2019-12-21 12:36:53', NULL, '2'),
(629, 'เครื่องเทศพายฟักทอง', '100.00', '345.00', '404-img.png', 10, '2019-12-21 12:36:53', NULL, '2'),
(630, 'กระเทียม ผง', '100.00', '380.00', '404-img.png', 10, '2019-12-21 12:36:53', NULL, '2'),
(631, 'ปราชญ์', '100.00', '315.00', '404-img.png', 10, '2019-12-21 12:36:53', NULL, '2'),
(632, 'ใบโหระพา', '100.00', '63.00', '404-img.png', 10, '2019-12-21 12:36:53', NULL, '2'),
(633, 'ผงยี่หร่าเมล็ด', '100.00', '174.00', '404-img.png', 10, '2019-12-21 12:36:53', NULL, '2'),
(634, 'เชอร์วิล', '100.00', '237.00', '404-img.png', 10, '2019-12-21 12:36:53', NULL, '2'),
(635, 'ออลสไปซ์', '100.00', '373.00', '404-img.png', 10, '2019-12-21 12:36:53', NULL, '2'),
(636, 'เมล็ด โป๊ยกั๊ก', '100.00', '300.00', '404-img.png', 10, '2019-12-21 12:36:53', NULL, '2'),
(637, 'ผงหัวหอม', '100.00', '330.00', '404-img.png', 10, '2019-12-21 12:36:53', NULL, '2'),
(638, 'เมล็ดมัสตาร์ด', '100.00', '334.00', '404-img.png', 10, '2019-12-21 12:36:53', NULL, '2'),
(639, 'เมล็ดขึ้นฉ่าย', '100.00', '253.00', '404-img.png', 10, '2019-12-21 12:36:53', NULL, '2'),
(640, 'เมซ', '100.00', '375.00', '404-img.png', 10, '2019-12-21 12:36:53', NULL, '2'),
(641, 'กระเพรา', '100.00', '23.00', '404-img.png', 5, '2019-12-21 12:36:53', NULL, '2'),
(644, 'พริก, แดง', '100.00', '40.00', '404-img.png', 10, '2019-12-21 12:36:53', NULL, '2'),
(645, 'พริก, เขียว', '100.00', '40.00', '404-img.png', 10, '2019-12-21 12:36:53', NULL, '2'),
(647, 'ซอสหอยนางรม', '100.00', '51.00', '404-img.png', 10, '2019-12-21 12:36:53', NULL, '2'),
(648, 'น้ำตาล, ทรายขาว', '100.00', '405.00', '404-img.png', 10, '2019-12-21 12:36:53', NULL, '2'),
(649, 'น้ำตาล, ทรายแดง', '100.00', '392.00', '404-img.png', 10, '2019-12-21 12:36:53', NULL, '2'),
(650, 'น้ำตาล, ไอซิ่ง', '100.00', '389.00', '404-img.png', 10, '2019-12-21 12:36:53', NULL, '2'),
(651, 'น้ำตาล, ปี๊บ', '100.00', '400.00', '404-img.png', 10, '2019-12-21 12:36:53', NULL, '2'),
(672, 'ทดสอบ', '100.00', '100.00', '5dff315ff39b10.26087479.png', 1, '0000-00-00 00:00:00', '1998020599999', '0'),
(673, 'ทดสอบ 2', '100.00', '1000.00', '5dff62831e2893.75182413.png', 1, '0000-00-00 00:00:00', '1998020599999', '1'),
(674, 'ทดสอบ 3', '100.00', '100.00', '5e11cf1c490bc2.48360252.jpg', 9, '0000-00-00 00:00:00', '1998020599999', '1'),
(675, 'ทดสอบ 3', '100.00', '100.00', '5e11b64505df38.23151154.jpg', 9, '2020-01-05 17:11:17', '1998020599999', '1'),
(676, 'ทดสอบ 4', '100.00', '100.00', '404-img.png', 3, '2020-01-05 17:12:16', '1998020599999', '1'),
(677, 'ทดสอบ 5', '100.00', '1000.00', '404-img.png', 7, '2020-01-05 17:13:03', '1998020599999', '1'),
(678, 'ทดสอบ 6', '100.00', '600.00', '404-img.png', 9, '2020-01-05 17:13:42', '1998020599999', '1');

-- --------------------------------------------------------

--
-- Table structure for table `ingredients_type`
--

CREATE TABLE `ingredients_type` (
  `ingt_id` int(3) NOT NULL,
  `ingt_name` varchar(50) NOT NULL
) ENGINE=InnoDB DEFAULT CHARSET=utf8;

--
-- Dumping data for table `ingredients_type`
--

INSERT INTO `ingredients_type` (`ingt_id`, `ingt_name`) VALUES
(1, 'น้ำมัน'),
(2, 'ไข่'),
(3, 'สัตว์น้ำ'),
(4, 'สัตว์บก'),
(5, 'ผัก'),
(6, 'ข้าวและเส้น'),
(7, 'ถั่วและงา'),
(8, 'นม'),
(9, 'ผลไม้'),
(10, 'เครื่องปรุง');

-- --------------------------------------------------------

--
-- Table structure for table `meats`
--

CREATE TABLE `meats` (
  `meat_id` int(2) NOT NULL,
  `mf_id` int(13) NOT NULL,
  `ing_id` int(7) NOT NULL,
  `meat_gram` decimal(15,2) NOT NULL,
  `meat_kcal` decimal(15,2) NOT NULL
) ENGINE=InnoDB DEFAULT CHARSET=utf8;

-- --------------------------------------------------------

--
-- Table structure for table `menu_foods`
--

CREATE TABLE `menu_foods` (
  `mf_id` int(13) NOT NULL,
  `mf_name` varchar(200) NOT NULL,
  `mf_price` decimal(15,2) DEFAULT NULL,
  `mf_kcal` decimal(15,2) DEFAULT NULL,
  `mf_img` varchar(100) NOT NULL DEFAULT '404-img.png',
  `mf_time` datetime DEFAULT current_timestamp(),
  `cus_id` varchar(13) NOT NULL,
  `mf_status` enum('0','1') NOT NULL DEFAULT '1',
  `type_id` int(2) DEFAULT NULL
) ENGINE=InnoDB DEFAULT CHARSET=utf8;

-- --------------------------------------------------------

--
-- Table structure for table `milks`
--

CREATE TABLE `milks` (
  `milk_id` int(2) NOT NULL,
  `mf_id` int(13) NOT NULL,
  `ing_id` int(7) NOT NULL,
  `milk_gram` decimal(15,2) NOT NULL,
  `milk_kcal` decimal(15,2) NOT NULL
) ENGINE=InnoDB DEFAULT CHARSET=utf8;

-- --------------------------------------------------------

--
-- Table structure for table `nas`
--

CREATE TABLE `nas` (
  `nas_id` int(2) NOT NULL,
  `mf_id` int(13) NOT NULL,
  `ing_id` int(7) NOT NULL,
  `nas_gram` decimal(15,2) NOT NULL,
  `nas_kcal` decimal(15,2) NOT NULL
) ENGINE=InnoDB DEFAULT CHARSET=utf8 COMMENT='Nuts and sesame seeds';

-- --------------------------------------------------------

--
-- Table structure for table `oils`
--

CREATE TABLE `oils` (
  `oil_id` int(2) NOT NULL,
  `mf_id` int(13) NOT NULL,
  `ing_id` int(7) NOT NULL,
  `oil_gram` decimal(15,2) NOT NULL,
  `oil_kcal` decimal(15,2) NOT NULL
) ENGINE=InnoDB DEFAULT CHARSET=utf8;

-- --------------------------------------------------------

--
-- Table structure for table `orders`
--

CREATE TABLE `orders` (
  `or_id` int(13) NOT NULL,
  `cus_id` varchar(13) NOT NULL,
  `or_table` int(4) NOT NULL,
  `or_time` datetime NOT NULL DEFAULT current_timestamp(),
  `or_kcal` decimal(15,2) DEFAULT NULL,
  `or_price` decimal(15,2) DEFAULT NULL,
  `or_phpsessid` varchar(30) NOT NULL COMMENT 'PHPSESSID',
  `or_pay_status` enum('0','1','2') NOT NULL DEFAULT '0' COMMENT '0 = not pay, 1 = wait for checkbill, 2 = finish',
  `or_time_newStatus` datetime DEFAULT current_timestamp(),
  `or_status` enum('0','1') NOT NULL DEFAULT '1' COMMENT '0 = disable, 1 = enable'
) ENGINE=InnoDB DEFAULT CHARSET=utf8;

-- --------------------------------------------------------

--
-- Table structure for table `orders_detail`
--

CREATE TABLE `orders_detail` (
  `or_id` int(13) NOT NULL,
  `mf_id` int(13) NOT NULL,
  `time` datetime NOT NULL DEFAULT current_timestamp(),
  `quantity` int(3) NOT NULL,
  `price` decimal(15,2) NOT NULL,
  `kcal` decimal(15,2) NOT NULL
) ENGINE=InnoDB DEFAULT CHARSET=utf8;

-- --------------------------------------------------------

--
-- Table structure for table `pwdreset`
--

CREATE TABLE `pwdreset` (
  `pwd_id` int(11) NOT NULL,
  `pwd_email` varchar(100) NOT NULL,
  `pwd_selector` text NOT NULL,
  `pwd_token` longtext NOT NULL,
  `pwd_expires` text NOT NULL
) ENGINE=InnoDB DEFAULT CHARSET=utf8;

-- --------------------------------------------------------

--
-- Table structure for table `ran`
--

CREATE TABLE `ran` (
  `ran_id` int(2) NOT NULL,
  `mf_id` int(13) NOT NULL,
  `ing_id` int(7) NOT NULL,
  `ran_gram` decimal(15,2) NOT NULL,
  `ran_kcal` decimal(15,2) NOT NULL
) ENGINE=InnoDB DEFAULT CHARSET=utf8 COMMENT='Rice and noodles';

-- --------------------------------------------------------

--
-- Table structure for table `seas`
--

CREATE TABLE `seas` (
  `sea_id` int(2) NOT NULL,
  `mf_id` int(13) NOT NULL,
  `ing_id` int(7) NOT NULL,
  `sea_gram` decimal(15,2) NOT NULL,
  `sea_kcal` decimal(15,2) NOT NULL
) ENGINE=InnoDB DEFAULT CHARSET=utf8;

-- --------------------------------------------------------

--
-- Table structure for table `special_menu`
--

CREATE TABLE `special_menu` (
  `cus_id` varchar(13) NOT NULL,
  `mf_id` int(13) NOT NULL,
  `detail` text DEFAULT NULL,
  `img` varchar(100) NOT NULL
) ENGINE=InnoDB DEFAULT CHARSET=utf8mb4;

-- --------------------------------------------------------

--
-- Table structure for table `type_food`
--

CREATE TABLE `type_food` (
  `type_id` int(5) NOT NULL,
  `cus_id` varchar(13) NOT NULL,
  `type_name` varchar(30) NOT NULL,
  `type_status` enum('0','1') NOT NULL DEFAULT '1' COMMENT '0 = disable, 1 = enable'
) ENGINE=InnoDB DEFAULT CHARSET=utf8;

-- --------------------------------------------------------

--
-- Table structure for table `vegetables`
--

CREATE TABLE `vegetables` (
  `veg_id` int(2) NOT NULL,
  `mf_id` int(13) NOT NULL,
  `ing_id` int(7) NOT NULL,
  `veg_gram` decimal(15,2) NOT NULL,
  `veg_kcal` decimal(15,2) NOT NULL
) ENGINE=InnoDB DEFAULT CHARSET=utf8;

--
-- Indexes for dumped tables
--

--
-- Indexes for table `customers`
--
ALTER TABLE `customers`
  ADD PRIMARY KEY (`cus_id`),
  ADD UNIQUE KEY `cus_email` (`cus_email`),
  ADD UNIQUE KEY `cus_tel` (`cus_tel`);

--
-- Indexes for table `eggs`
--
ALTER TABLE `eggs`
  ADD PRIMARY KEY (`egg_id`,`mf_id`),
  ADD KEY `ing_id` (`ing_id`),
  ADD KEY `mf_id` (`mf_id`);

--
-- Indexes for table `fruits`
--
ALTER TABLE `fruits`
  ADD PRIMARY KEY (`fru_id`,`mf_id`),
  ADD KEY `ing_id` (`ing_id`),
  ADD KEY `mf_id` (`mf_id`);

--
-- Indexes for table `garnishs`
--
ALTER TABLE `garnishs`
  ADD PRIMARY KEY (`gar_id`,`mf_id`),
  ADD KEY `ing_id` (`ing_id`),
  ADD KEY `mf_id` (`mf_id`);

--
-- Indexes for table `ingredients`
--
ALTER TABLE `ingredients`
  ADD PRIMARY KEY (`ing_id`),
  ADD KEY `ing_type` (`ing_type`),
  ADD KEY `cus_id` (`cus_id`);

--
-- Indexes for table `ingredients_type`
--
ALTER TABLE `ingredients_type`
  ADD PRIMARY KEY (`ingt_id`);

--
-- Indexes for table `meats`
--
ALTER TABLE `meats`
  ADD PRIMARY KEY (`meat_id`,`mf_id`),
  ADD KEY `ing_id` (`ing_id`),
  ADD KEY `mf_id` (`mf_id`);

--
-- Indexes for table `menu_foods`
--
ALTER TABLE `menu_foods`
  ADD PRIMARY KEY (`mf_id`),
  ADD KEY `cus_id` (`cus_id`),
  ADD KEY `type_id` (`type_id`);

--
-- Indexes for table `milks`
--
ALTER TABLE `milks`
  ADD PRIMARY KEY (`milk_id`,`mf_id`),
  ADD KEY `ing_id` (`ing_id`),
  ADD KEY `mf_id` (`mf_id`);

--
-- Indexes for table `nas`
--
ALTER TABLE `nas`
  ADD PRIMARY KEY (`nas_id`,`mf_id`),
  ADD KEY `ing_id` (`ing_id`),
  ADD KEY `mf_id` (`mf_id`);

--
-- Indexes for table `oils`
--
ALTER TABLE `oils`
  ADD PRIMARY KEY (`oil_id`,`mf_id`),
  ADD KEY `ing_id` (`ing_id`),
  ADD KEY `mf_id` (`mf_id`);

--
-- Indexes for table `orders`
--
ALTER TABLE `orders`
  ADD PRIMARY KEY (`or_id`),
  ADD KEY `cus_id` (`cus_id`);

--
-- Indexes for table `orders_detail`
--
ALTER TABLE `orders_detail`
  ADD PRIMARY KEY (`or_id`,`mf_id`,`time`),
  ADD KEY `mf_id` (`mf_id`);

--
-- Indexes for table `pwdreset`
--
ALTER TABLE `pwdreset`
  ADD PRIMARY KEY (`pwd_id`);

--
-- Indexes for table `ran`
--
ALTER TABLE `ran`
  ADD PRIMARY KEY (`ran_id`,`mf_id`),
  ADD KEY `ing_id` (`ing_id`),
  ADD KEY `mf_id` (`mf_id`);

--
-- Indexes for table `seas`
--
ALTER TABLE `seas`
  ADD PRIMARY KEY (`sea_id`,`mf_id`),
  ADD KEY `ing_id` (`ing_id`),
  ADD KEY `mf_id` (`mf_id`);

--
-- Indexes for table `type_food`
--
ALTER TABLE `type_food`
  ADD PRIMARY KEY (`type_id`),
  ADD KEY `cus_id` (`cus_id`);

--
-- Indexes for table `vegetables`
--
ALTER TABLE `vegetables`
  ADD PRIMARY KEY (`veg_id`,`mf_id`),
  ADD KEY `mf_id` (`mf_id`),
  ADD KEY `ing_id` (`ing_id`);

--
-- AUTO_INCREMENT for dumped tables
--

--
-- AUTO_INCREMENT for table `eggs`
--
ALTER TABLE `eggs`
  MODIFY `egg_id` int(2) NOT NULL AUTO_INCREMENT;

--
-- AUTO_INCREMENT for table `fruits`
--
ALTER TABLE `fruits`
  MODIFY `fru_id` int(2) NOT NULL AUTO_INCREMENT;

--
-- AUTO_INCREMENT for table `garnishs`
--
ALTER TABLE `garnishs`
  MODIFY `gar_id` int(2) NOT NULL AUTO_INCREMENT;

--
-- AUTO_INCREMENT for table `ingredients`
--
ALTER TABLE `ingredients`
  MODIFY `ing_id` int(7) NOT NULL AUTO_INCREMENT, AUTO_INCREMENT=679;

--
-- AUTO_INCREMENT for table `ingredients_type`
--
ALTER TABLE `ingredients_type`
  MODIFY `ingt_id` int(3) NOT NULL AUTO_INCREMENT, AUTO_INCREMENT=11;

--
-- AUTO_INCREMENT for table `meats`
--
ALTER TABLE `meats`
  MODIFY `meat_id` int(2) NOT NULL AUTO_INCREMENT;

--
-- AUTO_INCREMENT for table `menu_foods`
--
ALTER TABLE `menu_foods`
  MODIFY `mf_id` int(13) NOT NULL AUTO_INCREMENT;

--
-- AUTO_INCREMENT for table `milks`
--
ALTER TABLE `milks`
  MODIFY `milk_id` int(2) NOT NULL AUTO_INCREMENT;

--
-- AUTO_INCREMENT for table `nas`
--
ALTER TABLE `nas`
  MODIFY `nas_id` int(2) NOT NULL AUTO_INCREMENT;

--
-- AUTO_INCREMENT for table `oils`
--
ALTER TABLE `oils`
  MODIFY `oil_id` int(2) NOT NULL AUTO_INCREMENT;

--
-- AUTO_INCREMENT for table `orders`
--
ALTER TABLE `orders`
  MODIFY `or_id` int(13) NOT NULL AUTO_INCREMENT;

--
-- AUTO_INCREMENT for table `pwdreset`
--
ALTER TABLE `pwdreset`
  MODIFY `pwd_id` int(11) NOT NULL AUTO_INCREMENT;

--
-- AUTO_INCREMENT for table `ran`
--
ALTER TABLE `ran`
  MODIFY `ran_id` int(2) NOT NULL AUTO_INCREMENT;

--
-- AUTO_INCREMENT for table `seas`
--
ALTER TABLE `seas`
  MODIFY `sea_id` int(2) NOT NULL AUTO_INCREMENT;

--
-- AUTO_INCREMENT for table `vegetables`
--
ALTER TABLE `vegetables`
  MODIFY `veg_id` int(2) NOT NULL AUTO_INCREMENT;

--
-- Constraints for dumped tables
--

--
-- Constraints for table `eggs`
--
ALTER TABLE `eggs`
  ADD CONSTRAINT `eggs_ibfk_1` FOREIGN KEY (`ing_id`) REFERENCES `ingredients` (`ing_id`),
  ADD CONSTRAINT `eggs_ibfk_2` FOREIGN KEY (`mf_id`) REFERENCES `menu_foods` (`mf_id`);

--
-- Constraints for table `fruits`
--
ALTER TABLE `fruits`
  ADD CONSTRAINT `fruits_ibfk_1` FOREIGN KEY (`ing_id`) REFERENCES `ingredients` (`ing_id`),
  ADD CONSTRAINT `fruits_ibfk_2` FOREIGN KEY (`mf_id`) REFERENCES `menu_foods` (`mf_id`);

--
-- Constraints for table `garnishs`
--
ALTER TABLE `garnishs`
  ADD CONSTRAINT `garnishs_ibfk_1` FOREIGN KEY (`ing_id`) REFERENCES `ingredients` (`ing_id`),
  ADD CONSTRAINT `garnishs_ibfk_2` FOREIGN KEY (`mf_id`) REFERENCES `menu_foods` (`mf_id`);

--
-- Constraints for table `ingredients`
--
ALTER TABLE `ingredients`
  ADD CONSTRAINT `ingredients_ibfk_1` FOREIGN KEY (`ing_type`) REFERENCES `ingredients_type` (`ingt_id`),
  ADD CONSTRAINT `ingredients_ibfk_2` FOREIGN KEY (`cus_id`) REFERENCES `customers` (`cus_id`);

--
-- Constraints for table `meats`
--
ALTER TABLE `meats`
  ADD CONSTRAINT `meats_ibfk_1` FOREIGN KEY (`ing_id`) REFERENCES `ingredients` (`ing_id`),
  ADD CONSTRAINT `meats_ibfk_2` FOREIGN KEY (`mf_id`) REFERENCES `menu_foods` (`mf_id`);

--
-- Constraints for table `menu_foods`
--
ALTER TABLE `menu_foods`
  ADD CONSTRAINT `menu_foods_ibfk_1` FOREIGN KEY (`cus_id`) REFERENCES `customers` (`cus_id`),
  ADD CONSTRAINT `menu_foods_ibfk_2` FOREIGN KEY (`type_id`) REFERENCES `type_food` (`type_id`);

--
-- Constraints for table `milks`
--
ALTER TABLE `milks`
  ADD CONSTRAINT `milks_ibfk_1` FOREIGN KEY (`ing_id`) REFERENCES `ingredients` (`ing_id`),
  ADD CONSTRAINT `milks_ibfk_2` FOREIGN KEY (`mf_id`) REFERENCES `menu_foods` (`mf_id`);

--
-- Constraints for table `nas`
--
ALTER TABLE `nas`
  ADD CONSTRAINT `nas_ibfk_1` FOREIGN KEY (`ing_id`) REFERENCES `ingredients` (`ing_id`),
  ADD CONSTRAINT `nas_ibfk_2` FOREIGN KEY (`mf_id`) REFERENCES `menu_foods` (`mf_id`);

--
-- Constraints for table `oils`
--
ALTER TABLE `oils`
  ADD CONSTRAINT `oils_ibfk_1` FOREIGN KEY (`ing_id`) REFERENCES `ingredients` (`ing_id`),
  ADD CONSTRAINT `oils_ibfk_2` FOREIGN KEY (`mf_id`) REFERENCES `menu_foods` (`mf_id`);

--
-- Constraints for table `orders`
--
ALTER TABLE `orders`
  ADD CONSTRAINT `orders_ibfk_1` FOREIGN KEY (`cus_id`) REFERENCES `customers` (`cus_id`);

--
-- Constraints for table `orders_detail`
--
ALTER TABLE `orders_detail`
  ADD CONSTRAINT `orders_detail_ibfk_1` FOREIGN KEY (`mf_id`) REFERENCES `menu_foods` (`mf_id`),
  ADD CONSTRAINT `orders_detail_ibfk_2` FOREIGN KEY (`or_id`) REFERENCES `orders` (`or_id`);

--
-- Constraints for table `ran`
--
ALTER TABLE `ran`
  ADD CONSTRAINT `ran_ibfk_1` FOREIGN KEY (`ing_id`) REFERENCES `ingredients` (`ing_id`),
  ADD CONSTRAINT `ran_ibfk_2` FOREIGN KEY (`mf_id`) REFERENCES `menu_foods` (`mf_id`);

--
-- Constraints for table `seas`
--
ALTER TABLE `seas`
  ADD CONSTRAINT `seas_ibfk_1` FOREIGN KEY (`ing_id`) REFERENCES `ingredients` (`ing_id`),
  ADD CONSTRAINT `seas_ibfk_2` FOREIGN KEY (`mf_id`) REFERENCES `menu_foods` (`mf_id`);

--
-- Constraints for table `type_food`
--
ALTER TABLE `type_food`
  ADD CONSTRAINT `type_food_ibfk_1` FOREIGN KEY (`cus_id`) REFERENCES `customers` (`cus_id`);

--
-- Constraints for table `vegetables`
--
ALTER TABLE `vegetables`
  ADD CONSTRAINT `vegetables_ibfk_1` FOREIGN KEY (`mf_id`) REFERENCES `menu_foods` (`mf_id`),
  ADD CONSTRAINT `vegetables_ibfk_2` FOREIGN KEY (`ing_id`) REFERENCES `ingredients` (`ing_id`);
COMMIT;

/*!40101 SET CHARACTER_SET_CLIENT=@OLD_CHARACTER_SET_CLIENT */;
/*!40101 SET CHARACTER_SET_RESULTS=@OLD_CHARACTER_SET_RESULTS */;
/*!40101 SET COLLATION_CONNECTION=@OLD_COLLATION_CONNECTION */;
